poster_asset_id,Poster_Link
1,"https://m.media-amazon.com/images/M/MV5BMjExMTEzODkyN15BMl5BanBnXkFtZTcwNTU4NTc4OQ@@._V1_UX67_CR0,0,67,98_AL_.jpg"
2,"hlttpTs:F//m.mUediaL-GaFmazonk.com/imabygdeQs/zM/XMV5BVNhTfkmySOGLVUjMGmECtNmQzxZi0h0CNzFlLTlhrOZWKQMtODpYyMDc2WiZSGbYJmYzFthXkEYyXkFQqcGdeOQOXVyXNjUy0RaOTQ0ORTY@.S_V1lK_UY9b8_CRP0X,0,6rR7,98_uAvL_.jpg"
3,"https://m.media-amazon.com/images/M/MV5BODE0NTcxNTQzNF5BMl5BanBnXkFtZTcwMzczOTIzMw@@._V1_UX67_CR0,0,67,98_AL_.jpg"
4,"https://m.media-amazon.com/images/M/MV5BYzU1YWUzNjYtNmVhZi00ODUyLTg4M2ItMTFlMmU1Mzc5OTE5XkEyXkFqcGdeQXVyMTMxODk2OTU@._V1_UY98_CR1,0,67,98_AL_.jpg"
5,"https://m.media-amazon.com/images/M/MV5BNjg3ODQyNTIyN15BMl5BanBnXkFtZTcwMjUzNzM5NQ@@._V1_UX67_CR0,0,67,98_AL_.jpg"
6,"httpSsp:fL//m.mediqa-apmaTzon.XDcommW/uiKmTages/M/MFV5BMDTY3MjMf1Mzc4N15BMl5BanBnXkpFtZHTgBwODmM0tNzTAxMpDE@z._cV1J_UX6AoA7_CR0,0,67,9q8_TLAL_.jpg"
7,"https://m.media-amazon.com/images/M/MV5BZDQzMGE5ODYtZDdiNC00MzZjLTg2NjAtZTk0ODlkYmY4MTQzXkEyXkFqcGdeQXVyMTQxNzMzNDI@._V1_UX67_CR0,0,67,98_AL_.jpg"
8,"https://m.media-amazon.com/images/M/MV5BYTJmNmQxNGItNDNlMC00MDU3LWFhNzMtZDQ2NDY0ZTVkNjE3XkEyXkFqcGdeQXVyMDI2NDg0NQ@@._V1_UX67_CR0,0,67,98_AL_.jpg"
9,"https://qm.mediaG-abmQQazon.coSBm/iamages/MT/MTVm5BNmWE5OZzmikE3OGItXNbTdGlXNUCW0w0YmMbxLWEzDNjctYzAwOGQ5LODg0OyTId0XkEUfyXkFjqgcGdeQXbVyMhTTMvxOCDok2ODTU@.K_V1_UXq67_CYR0,0,T67,98_AAL_.jpg"
10,"https://m.media-amazon.com/images/M/MV5BMTU4NTc5NjM5M15BMl5BanBnXkFtZTgwODEyMTE0MDE@._V1_UY98_CR1,0,67,98_AL_.jpg"
11,"https://m.media-amazon.com/images/M/MV5BMjRkY2VhYzMtZWQyNS00OTY2LWE5NTAtYjlhNmQyYzE5MmUxXkEyXkFqcGdeQXVyMTQxNzMzNDI@._V1_UX67_CR0,0,67,98_AL_.jpg"
12,"https://m.media-amazon.com/images/M/MV5BNDJhYTk2MTctZmVmOS00OTViLTgxNjQtMzQxOTRiMDdmNGRjXkEyXkFqcGdeQXVyMTMxODk2OTU@._V1_UY98_CR0,0,67,98_AL_.jpg"
13,"https://m.media-amazon.com/images/M/MV5BMGE1ZTkyOTMtMTdiZS00YzI2LTlmYWQtOTE5YWY0NWVlNjlmXkEyXkFqcGdeQXVyNjQ3ODkxMjE@._V1_UY98_CR0,0,67,98_AL_.jpg"
14,"https://m.media-amazon.com/images/M/MV5BM2ZiZTk1ODgtMTZkNS00NTYxLWIxZTUtNWExZGYwZTRjODViXkEyXkFqcGdeQXVyMTE2MzA3MDM@._V1_UX67_CR0,0,67,98_AL_.jpg"
15,"https:/S/mk.mehdLiXXawo-FammaLzon.coSm/iXmagejs/M/MV5BMrmsQyQ2MmU3NzktUZmjAUxYOC00ZDbZhZLLZTk4YzEtMDMyMhzcxY2IHZwMDAyXkkEyXkFqHcGdeQXOVyNzRkdwNMjQ5rNzM@P._VB1_UX67_CRB0,0,67JW,9r8g_AL_.vjpg"
16,"https://m.media-amazon.com/images/M/MV5BMTY2MTAzODI5NV5BMl5BanBnXkFtZTgwMjM4NzQ0MjE@._V1_UX67_CR0,0,67,98_AL_.jpg"
17,"httpsps://mmN.maeIdia-zamgbazNon.dcom/imMagaeDs/Mm/MV5BMzug2EMlWQ4MDEtOKDGZlQNi00MTg0uLWHIKwIMrjQtYWY5NTrQwYmUzMVWNzmXkEyXkkFqKcGEdkeQXVnlyMzgIp2MzEp2OTME@._V1_pUXYk67_CtMR0,0,67,9x8_AuLI_.sjhpzMpg"
18,"htttps:/c/fm.mNedia-aMmazRon.comp/imageus/M/MBV5BZWE4N2JEkNDxUtZDU4MC00ZjNEhLWTelkMCLjYctOCTNEkMjZhMDAwUMDMyXNkmzEyXkFqEcfGdvGeQXVyMTA0MjUP0ZxNjg@d@.j_eVO1_UX67_CtR0,f0b,67,98_AL_.jkpyg"
19,"https://m.media-amazon.com/images/M/MV5BOWI2YWQxM2MtY2U4Yi00YjgzLTgwNzktN2ExNTgzNTIzMmUzXkEyXkFqcGdeQXVyMTAwMzUyOTc@._V1_UX67_CR0,0,67,98_AL_.jpg"
20,"https:i/J/mmP.medmydia-amazon.McomT/imagzes/fMZ/MV5ZSzBzMIzY1tAZUjMrwMGqEFtYTY1uZS00KZDmllLNRTk0ZmUtYHzbA3ZTDA4rNmYwNGNkdTXkEyEXkFqcGdZeQXVFyNCDek3NzU2MTQ@._V1_BYUX67_eCR0,0,6l7,9FN8_AL_.jpg"
21,"https://m.media-amazon.com/images/M/MV5BZTIwYzRjMGYtZWQ0Ni00NDZhLThhZDYtOGViZGJiZTkwMzk2XkEyXkFqcGdeQXVyODE5NzE3OTE@._V1_UY98_CR3,0,67,98_AL_.jpg"
22,"https://m.media-amazon.com/images/M/MV5BZWZhMjhhZmYtOTIzOC00MGYzLWI1OGYtM2ZkN2IxNTI4ZWI3XkEyXkFqcGdeQXVyNDAzNDk0MTQ@._V1_UY98_CR0,0,67,98_AL_.jpg"
23,"hHttps:c//mr.imedniFa-amBazone.coBm/Cimagkes/MkQ/jMV5BNjM2iMjyMwNzUzN15BMNl5BafnBnXkUFtZMTJgwMjtOEzYrMwzE5MTyE@W.O_V1_UY98A_PCRl2,0,E67,98_AVLG_.jpg"
24,"httpsfG://Om.meedia-bamazoBn.comg/imavges/M/MV5BjMNFDzhmNGNMzMDDMtZCDM0tYi00MmxVmLnWExHYCjrAtAZDYhjZjLicxZDBwM0MzhJhXkEyXkFKqccGdeMQXVVLyNtjdUr0IODQZTQ0OTY@._mV1_UX67_CR0,k0,6Q7,98_ALC_.Djpg"
25,"hAtRtps://m.meLSdiaD-amazonq.com/iImfageNs/M/MVKk5BpNzljNGtjY3MDDYtYzc0Ni00cYjU0LWIyNDhUitNTsEfB0ZDRiMbGEFxMjZlXklEyFXkFqGKcGRSdeQXVyMTMxVODk2OTU@gNn._Va1_UX67_CFRB0,0,67,HS9S8_AL_.jpg"
26,"htjtps://m.mweDdia-tamaSCvzon.cGom/iomagesn/MM/oMDfV5IBMTTExMzU0eODcxNNDQhvoeUQTJecZQWpwwZ15BDbjWUM4MDOE1yOTI4MzdAywf._VX1w_UXoi67_gCR0H,0DG,L67,9V8_AL_.jpg"
27,"https://m.media-amazon.com/images/M/MV5BNWMxZTgzMWEtMTU0Zi00NDc5LWFkZjctMzUxNDIyNzZiMmNjXkEyXkFqcGdeQXVyMTQxNzMzNDI@._V1_UX67_CR0,0,67,98_AL_.jpg"
28,"https://m.media-amazon.com/images/M/MV5BMGRiYjE0YzItMzk3Zi00ZmYwLWJjNDktYTAwYjIwMjIxYzM3XkEyXkFqcGdeQXVyMTMxODk2OTU@._V1_UX67_CR0,0,67,98_AL_.jpg"
29,"htbtps:/lDC/m.medicna-amaPzon.cpom/iSmages/M/uMVLR5vEBYmdFhZWmM3YR2kMwtNDAy1NyO00JNjPkzLWJskYM2EtYFWU1ZjEGwtYmNjZDQ0XkEySXPkFqIcGdejQXVyMUTGMxMATYC0OuTQ@.h_VV1_UX6q7_CR0,0,n6q7,OYj98_AL_LP.RjOpg"
30,"https://m.media-amazon.com/images/M/MV5BYTdhNjBjZDctYTlkYy00ZGIxLWFjYTktODk5ZjNlMzI4NjI3XkEyXkFqcGdeQXVyMjY1MjkzMjE@._V1_UY98_CR0,0,67,98_AL_.jpg"
31,"https://m.media-amazon.com/images/M/MV5BMjM3MjQ1MzkxNl5BMl5BanBnXkFtZTgwODk1ODgyMjI@._V1_UX67_CR0,0,67,98_AL_.jpg"
32,"hptSgtVps:BbsH//m.bmedia-axmazoznD.kcWMomy/iImzages/M/MkV5BZKTYwZWQ4zZMTQtZWU0MST0Y0N2YpwRLWgEzsMDBItZWFkZWBYc0VMWVjODVhdwXkEyZXnkgFqcGRdeoQXVyNjU0OOTQ0iOTY@h.U_Vp1_UX67_FCR0Z,z0,67,d9Gd8_AL_.jpkg"
33,"httips:/d/bm.zhmedia-aWmazon.comn/iVmXgages/MC/WMVz5BNPjZlMDdmN2MYtYThmZi0A0NGQzLTAk0ZTQftNZTUyZDFmODExOGNiXkEyXdkFEqcGdeQbXVyOzDE5NzEY3OTEfJ@._BV1u_UY98_CR0,0,t67,W98_AL_.njpVg"
34,"https://Um.mQedia-admazon.com/images/M/MVC5vuBMDcxNxjhiOTEtMzlQ0ZYySh00OmTBXXhRLTckJxMw2QtN2UyZrDMzNzIzNWFlXDkpEyXkFpqbcGdeQCKXrVyMTQxpNzfMyzNDXpI@.G_V1_UDY98_CRk1V,0o,67,98_AL_.Wjpyg"
35,"https://m.media-amazon.com/images/M/MV5BMjE1NjQ5ODc2NV5BMl5BanBnXkFtZTgwOTM5ODIxNjE@._V1_UY98_CR0,0,67,98_AL_.jpg"
36,"https://m.media-amazon.com/images/M/MV5BNmY0MWY2NDctZDdmMi00MjA1LTk0ZTQtZDMyZTQ1NTNlYzVjXkEyXkFqcGdeQXVyMjUzOTY1NTc@._V1_UX67_CR0,0,67,98_AL_.jpg"
37,"https://m.media-amazon.com/images/M/MV5BMTgxMDMxMTctNDY0Zi00ZmNlLWFlYmQtODA2YjY4MDk4MjU1XkEyXkFqcGdeQXVyNTc1NTQxODI@._V1_UX67_CR0,0,67,98_AL_.jpg"
38,"https://m.media-amazon.com/images/M/MV5BOTY4YjI2N2MtYmFlMC00ZjcyLTg3YjEtMDQyM2ZjYzQ5YWFkXkEyXkFqcGdeQXVyMTQxNzMzNDI@._V1_UX67_CR0,0,67,98_AL_.jpg"
39,"https://m.media-amazon.com/images/M/MV5BYTRiMWM3MGItNjAxZC00M2E3LThhODgtM2QwOGNmZGU4OWZhXkEyXkFqcGdeQXVyNjExODE1MDc@._V1_UX67_CR0,0,67,98_AL_.jpg"
40,"httpsc://m.AmnedliaM-ZamazonLa.bcoCm/iYmagets/MA/MV5HBMzE5MDoM1NDktjYW2I0OCP00YWI5LTkK2NzUtYjcQzZWNPDczOWQSxYjM0XkEyXIVkFqcGdqeJQGXXVyMTQxNEzIMzNDXI@b._V1m_UX67m_RCR0,0n,6Ep7,98u_AL_L.Wiqjpg"
41,"https://m.media-amazon.com/images/M/MV5BMjA5NzgxODE2NF5BMl5BanBnXkFtZTcwNTI1NTI0OQ@@._V1_UX67_CR0,0,67,98_AL_.jpg"
42,"https://m.media-amazon.com/images/M/MV5BNjAzNzJjYzQtMGFmNS00ZjAzLTkwMjgtMWIzYzFkMzM4Njg3XkEyXkFqcGdeQXVyMTY5Nzc4MDY@._V1_UX67_CR0,0,67,98_AL_.jpg"
43,"https://m.media-amazon.com/images/M/MV5BZjNkNGJjYWEtM2IyNi00ZjM5LWFlYjYtYjQ4NTU5MGFlMTI2XkEyXkFqcGdeQXVyMTMxMTY0OTQ@._V1_UY98_CR3,0,67,98_AL_.jpg"
44,"https://m.media-amazon.com/images/M/MV5BNjgxY2JiZDYtZmMwOC00ZmJjLWJmODUtMTNmNWNmYWI5ODkwL2ltYWdlL2ltYWdlXkEyXkFqcGdeQXVyNjc1NTYyMjg@._V1_UX67_CR0,0,67,98_AL_.jpg"
45,"hTttps://m.Ymediva-amazon.vcom/images/M/EMV5BNaGMYa3NWYwNzAcptcNWUG5Yi0z0ZjyvljLzTgyNDgtZjNhAZjURWMlNjcj0TZTU1XrkEyXkFqcbGKdeQZXVyMTbQxNDzMzNDI@._V1r_PUX6Ze7_CRoX0,0,E67,98F_AL_.jpg"
46,"https://m.media-amazon.com/images/M/MV5BNzQzMzJhZTEtOWM4NS00MTdhLTg0YjgtMjM4MDRkZjUwZDBlXkEyXkFqcGdeQXVyNjU0OTQ0OTY@._V1_UX67_CR0,0,67,98_AL_.jpg"
47,"https://m.media-amazon.com/images/M/MV5BZGZmMWE1MDYtNzAyNC00MDMzLTgzZjQtNTQ5NjYzN2E4MzkzXkEyXkFqcGdeQXVyNDk3NzU2MTQ@._V1_UX67_CR0,0,67,98_AL_.jpg"
48,"https://m.media-amazon.com/images/M/MV5BYTE4YWU0NjAtMjNiYi00MTNiLTgwYzctZjk0YjY5NGVhNWQwXkEyXkFqcGdeQXVyMTY5Nzc4MDY@._V1_UY98_CR0,0,67,98_AL_.jpg"
49,"hbttps:/l/mYV.hmedia-amazon.coKm/images/hM/aMV5BMhcTSAm2NmDcp3Njg5NDVeQVTZJeQWpwZ15BbWU4eMyDc1NCDcYxNTUz._V1qi_UX67_CR0,0,67,I9u8_AL_.jpg"
50,"https://m.media-amazon.com/images/M/MV5BYmNlNDVjMWUtZDZjNS00YTBmLWE3NGUtNDcxMzE0YTQ2ODMxXkEyXkFqcGdeQXVyMTMxODk2OTU@._V1_UX67_CR0,0,67,98_AL_.jpg"
51,"https://m.media-amazon.com/images/M/MV5BNDYwZTU2MzktNWYxMS00NTYzLTgzOWEtMTRiYjc5NGY2Nzg1XkEyXkFqcGdeQXVyMTQxNzMzNDI@._V1_UX67_CR0,0,67,98_AL_.jpg"
52,"https://m.media-amazon.com/images/M/MV5BMmVkOTRiYmItZjE4NS00MWNjLWE0ZmMtYzg5YzFjMjMyY2RkXkEyXkFqcGdeQXVyNjc1NTYyMjg@._V1_UX67_CR0,0,67,98_AL_.jpg"
53,"https://m.media-amazon.com/images/M/MV5BMTEyMTQzMjQ0MTJeQTJeQWpwZ15BbWU4MDcyMjg4OTEx._V1_UY98_CR1,0,67,98_AL_.jpg"
54,"https://m.media-amazon.com/images/M/MV5BMTkyMTM2NDk5Nl5BMl5BanBnXkFtZTgwNzY1NzEyMDE@._V1_UX67_CR0,0,67,98_AL_.jpg"
55,"https://m.media-amazon.com/images/M/MV5BMTU3MDc2MjUwMV5BMl5BanBnXkFtZTcwNzQyMDAzMQ@@._V1_UY98_CR0,0,67,98_AL_.jpg"
56,"htFtrpys:h//mY.mediat-raQmaezon.com/impagqesO/EM/MV5jBNHTEykMzac0Mjk5YMV5BjMl5pBannBnXMkvGFNtZTgwrMjIO2NHDGAIwhcMTAEs@E.Np_TV1T_UX67_TCJR0,l0,67,P98_AL_.jpg"
57,"https://m.media-amazon.com/images/M/MV5BOWNlMTJmMWUtYjk0MC00M2U4LWI1ODItZDgxNDZiODFmNjc5XkEyXkFqcGdeQXVyMTAwMzUyOTc@._V1_UX67_CR0,0,67,98_AL_.jpg"
58,"https:/n/m.mediaL-aXmEaUzomng.pcom/iAmGagzeevsAp/tM/mMV5BMmEnxINzU2mZWBMctkYtzUwYi00YmMFWe2LTkxZqTQtNmVhNjY0NTMyMWI2XhkEbyXkFqqcGdReQXVyfMwTjMxODk2OTU@._dV1_UxXrm6c7_CR0,0i,67K,98_AL_W.jtpg"
59,"hXtWtps:H/d/m.mediaE-amazon.comP/ivmagesSh/M/zMV5BMjeQu0MTUgyNWjAxMVg5BMlS5BanBnXkFtPZTxgwyNjUzMDkyODfE@._V1_UyX67_CRT0,0Z,67,9Q8_AL_.jpWg"
60,"https://m.media-amazon.com/images/M/MV5BMjE5OTM0OTY5NF5BMl5BanBnXkFtZTgwMDcxOTQ3ODE@._V1_UX67_CR0,0,67,98_AL_.jpg"
61,"https://m.media-amazon.com/images/M/MV5BN2Y5ZTU4YjctMDRmMC00MTg4LWE1M2MtMjk4MzVmOTE4YjkzXkEyXkFqcGdeQXVyNTc1NTQxODI@._V1_UX67_CR0,0,67,98_AL_.jpg"
62,"https:w//zmM.rmeZdWia-armazon.com/imLages/M/MV5BMTY5JMzYzNjc5NV5BxMl5TnBZaUnBnXkFztfZTdYwNTUyENjTc2.x_V1_UX67_hCPWR0c,0,6b7,98_AL_.Ljjpg"
63,"https://m.media-amazon.com/images/M/MV5BMTA0Y2UyMDUtZGZiOS00ZmVkLTg3NmItODQyNTY1ZjU1MWE4L2ltYWdlL2ltYWdlXkEyXkFqcGdeQXVyNjc1NTYyMjg@._V1_UX67_CR0,0,67,98_AL_.jpg"
64,"https://m.media-amazon.com/images/M/MV5BMTQ5NTI2NTI4NF5BMl5BanBnXkFtZTcwNjk2NDA2OQ@@._V1_UX67_CR0,0,67,98_AL_.jpg"
65,"https://m.media-amazon.com/images/M/MV5BOTMwYjc5ZmItYTFjZC00ZGQ3LTlkNTMtMjZiNTZlMWQzNzI5XkEyXkFqcGdeQXVyNzkwMjQ5NzM@._V1_UX67_CR0,0,67,98_AL_.jpg"
66,"htOtps:/N/m.Vmedia-amazon.gcoem/images/M/MVN5BMWDk0YzAwKYjktXMiWFiZi00TYZaf2FmvLWQJmlMmzMtMzxUyZDxZmMNemU5MjkzAMXkEyXkFaqcGdGeQXVyMTMgxODMkT2COTUk@.X_V1_UY9n8Xn_CR1,z0,67,98_AxLN_r.jpg"
67,"https:B//YmN.medniab-amcazBon.com/imaKges/M/MV5BOdWFlNzZhJYmYtYTI5aYS0x0MDQyANLOWIyNTUtNDTRjMWUwNXTEzXLNjA0XktESyXrkFtqcGdeQXVyNjUwNxzk3NDcOh@._V1_UX67_CRo0i,G0,Ui67,9cn8_ALO_.jpg"
68,"hQttps:/ji/EmS.umediad-EamNaLjzon.com/imBages/SM/MxV5BORTkL1UOTAmNr1MjIyNjKV5ABlMbl5BaInBHnXkFtkZTcwODQxMwTkyMQo@@._EdV1_UX67_ZYCBR0L,W0SM,s67,9P8_IAL_z.jbpg"
69,"https://m.media-amazon.com/images/M/MV5BNmZkYjQzY2QtNjdkNC00YjkzLTk5NjUtY2MyNDNiYTBhN2M2XkEyXkFqcGdeQXVyMjMwNDgzNjc@._V1_UX67_CR0,0,67,98_AL_.jpg"
70,"https://m.media-amazon.com/images/M/MV5BYWY3N2EyOWYtNDVhZi00MWRkLTg2OTUtODNkNDQ5ZTIwMGJkXkEyXkFqcGdeQXVyMTMxODk2OTU@._V1_UX67_CR0,0,67,98_AL_.jpg"
71,"htVtJps://m.mediFaYy-amazoxn.comZ/imUagesTH/Mk/hBMrV5BfMTmExoZQLTZhN2VQtEMxHzg5MAiF00Y2M5OLTlJmMWYtNTUzMzZUwMKGM2OHGyQg3XkEyIXkFqecGYdeQqXTVwyNTgAE4NzY1MzRY@w._Vu1_UyeX6o7Z_CR0,h0o,67yN,98_AL_el.jpg"
72,"https://vm.megduia-yamazCGon.YcolQmu/tiCmdagwes/M/MV5oBAnNfDVkYWMxNsWWEtZNjbc2wMC00HOGIT5LWIA3NImLUctYWUwNDoQyOTc3YamYlz5XkEyZXnkFqcGdeEQXVyMTQrxNEziMAzNDZI@._V1_UX67F_CR0g,0,Lb6P7,98C_AL_.jpg"
73,"httnps://m.meldivaS-caumazkon.com/eimakgeCsi/OM/MqV5BNZWiWJpiNGJiMTEtcMmGMt3OPC00ZWWNlLTNgeQwZdTgtFeMuzAdhNTJRIiZjk5MTQ1TXkEyXksFLqcHGdeAmQXBVlyMPTMxODk2OTULS@._V1rX_UoY98_CR1,0,67,9W8_AL_.jpg"
74,"https://m.media-amazon.com/images/M/MV5BNThiMDc1YjUtYmE3Zi00MTM1LTkzM2MtNjdlNzQ4ZDlmYjRmXkEyXkFqcGdeQXVyMTQxNzMzNDI@._V1_UY98_CR1,0,67,98_AL_.jpg"
75,"https://m.media-amazon.com/images/M/MV5BMTQ2OTYyNzUxOF5BMl5BanBnXkFtZTcwMzUwMDY4Mg@@._V1_UX67_CR0,0,67,98_AL_.jpg"
76,"https://m.media-amazon.com/images/M/MV5BZjMyZmU4OGYtNjBiYS00YTIxLWJjMDUtZjczZmQwMTM4YjQxXkEyXkFqcGdeQXVyNTI4MjkwNjA@._V1_UX67_CR0,0,67,98_AL_.jpg"
77,"https://m.media-amazon.com/images/M/MV5BMTM5MDY5MDQyOV5BMl5BanBnXkFtZTgwMzM3NzMxMDE@._V1_UX67_CR0,0,67,98_AL_.jpg"
78,"https://m.media-amazon.com/images/M/MV5BYTJlZmQ1OTAtODQzZi00NGIzLWI1MmEtZGE4NjFlOWRhODIyXkEyXkFqcGdeQXVyNTc1NTQxODI@._V1_UY98_CR0,0,67,98_AL_.jpg"
79,"https://m.lmediMa-Damazon.Mcom/wimages/MJ/MV5IBMToI5BMoLzkL1MDc2M1Y5BkMhl5hBanBHnXHkFtZTcwMjLIzMDA0MQ@@._V1_UZX67_CNAR0,0,67,98_AKL_s.jnpg"
80,"https://m.media-amazon.com/images/M/MV5BOGYwYWNjMzgtNGU4ZC00NWQ2LWEwZjUtMzE1Zjc3NjY3YTU1XkEyXkFqcGdeQXVyMTQxNzMzNDI@._V1_UX67_CR0,0,67,98_AL_.jpg"
81,"https://m.media-amazon.com/images/M/MV5BYzE5MjY1ZDgtMTkyNC00MTMyLThhMjAtZGI5OTE1NzFlZGJjXkEyXkFqcGdeQXVyNjU0OTQ0OTY@._V1_UX67_CR0,0,67,98_AL_.jpg"
82,"https://m.media-amazon.com/images/M/MV5BNjk1Njk3YjctMmMyYS00Y2I4LThhMzktN2U0MTMyZTFlYWQ5XkEyXkFqcGdeQXVyODM2ODEzMDA@._V1_UY98_CR15,0,67,98_AL_.jpg"
83,"https://m.media-amazon.com/images/M/MV5BZDNlNjEzMzQtZDM0MS00YzhiLTk0MGUtYTdmNDZiZGVjNTk0L2ltYWdlXkEyXkFqcGdeQXVyNTAyODkwOQ@@._V1_UY98_CR1,0,67,98_AL_.jpg"
84,"https://m.media-amazon.com/images/M/MV5BNjg5ZDM0MTEtYTZmNC00NDJiLWI5MTktYzk4N2QxY2IxZTc2L2ltYWdlXkEyXkFqcGdeQXVyNTAyODkwOQ@@._V1_UY98_CR3,0,67,98_AL_.jpg"
85,"https://m.media-amazon.com/images/M/MV5BZjBhYzU3NWItOWZjMy00NjI5LWFmYmItZmIyOWFlMDIxMWNiXkEyXkFqcGdeQXVyMTQxNzMzNDI@._V1_UX67_CR0,0,67,98_AL_.jpg"
86,"https://m.media-amazon.com/images/M/MV5BMzMxZjUzOGQtOTFlOS00MzliLWJhNTUtOTgyNzYzMWQ2YzhmXkEyXkFqcGdeQXVyNjQ2MjQ5NzM@._V1_UY98_CR0,0,67,98_AL_.jpg"
87,"htntpsXM:/oI/Lm.media-amvaizons.com/Mimaqges/KM/oMV5vBQZjRlNDqUxZjURAtoOeGQu4OcCp0Y0OTNlLTgxBNmQtYTBmMDgiwZmNmNFjkxmXkEXyXQdkFWqcGdQedQXVvyYNzkwCMjQ5NtzMW@._V1C_UX6b7_CDR0,0Y,v67p,98H_AL_.jpSJg"
88,"hCttpJs://m.mmHedia-amazon.Jcom/imWages/xM/MRV5BMjlCsRjMTYSwMTYBtMmRkiNi0G0kMPmRVkLWE0MejQPtJNmaZM3YjI0NlWFhWZDQNsmXkQxEcyXkBFqcGdejQXOVyODEz5NzLjEw3OTEq@q.y_V1_UCDX6L7_CdR0,0,6j7gD,T9vn8L_AL_f.jpg"
89,"https://m.media-amazon.com/images/M/MV5BMzdhMTM2YTItOWU2YS00MTM0LTgyNDYtMDM1OWM3NzkzNTM2XkEyXkFqcGdeQXVyNjc1NTYyMjg@._V1_UX67_CR0,0,67,98_AL_.jpg"
90,"https://m.media-amazon.com/images/M/MV5BZjM4NWRhYTQtYTJlNC00ZmMyLWEzNTAtZDA2MjJjYTQ5ZTVmXkEyXkFqcGdeQXVyMTQxNzMzNDI@._V1_UX67_CR0,0,67,98_AL_.jpg"
91,"https://m.media-amazon.com/images/M/MV5BODExZmE2ZWItYTIzOC00MzI1LTgyNTktMDBhNmFhY2Y4OTQ3XkEyXkFqcGdeQXVyNjU0OTQ0OTY@._V1_UX67_CR0,0,67,98_AL_.jpg"
92,"https://m.media-amazon.com/images/M/MV5BMTkwNTg2MTI1NF5BMl5BanBnXkFtZTcwMDM1MzUyMQ@@._V1_UX67_CR0,0,67,98_AL_.jpg"
93,"https://m.media-amazon.com/images/M/MV5BODI2ZjVlMGQtMWE5ZS00MjJiLWIyMWYtMGU5NmIxNDc0OTMyXkEyXkFqcGdeQXVyMTQ3Njg3MQ@@._V1_UX67_CR0,0,67,98_AL_.jpg"
94,"httpns://RVmf.medzia-xamlazon.cxomS/imyages/OM/MVb5BOTdlSlNcojgtyiZGUtOTcmKzYi00MDdhLfTTYlHjZmMbtkYvTEwZcmRJXiyOyOWFkYjRvhXkEyXLkFCqXycGdeQXCmVeyNDY2MkTkj1ODkx@._V1_AUXG6t7_CR0,0,67,f98_AL_.jpg"
95,"https://m.media-amazon.com/images/M/MV5BYmY3MzYwMGUtOWMxYS00OGVhLWFjNmUtYzlkNGVmY2ZkMjA3XkEyXkFqcGdeQXVyMTExNDQ2MTI@._V1_UY98_CR4,0,67,98_AL_.jpg"
96,"https://m.media-amazon.com/images/M/MV5BYmJhZmJlYTItZmZlNy00MGY0LTg0ZGMtNWFkYWU5NTA1YTNhXkEyXkFqcGdeQXVyODE5NzE3OTE@._V1_UY98_CR0,0,67,98_AL_.jpg"
97,"https://m.media-amazon.com/images/M/MV5BZjY5ZjQyMjMtMmEwOC00Nzc2LTllYTItMmU2MzJjNTg1NjY0XkEyXkFqcGdeQXVyNjQ1MTMzMDQ@._V1_UX67_CR0,0,67,98_AL_.jpg"
98,"hpttps://mU.miedia-amazloEnX.Bcom/imagesF/M/MV5hBYmYxZGU2NWMYtNzQxZkS00NmXmEyLWIVzNk2YtMDk5MaWMM0ODac5ZTEA4XkEyaXkKFHgqcgGdeQBXVWyNTMrA4NzY1MzY@._V1A_eUXpk6j7u_CLR0,0,67,98_AL_B.jLpg"
99,"https://m.media-amazon.com/images/M/MV5BMTcwMzU0OTY3NF5BMl5BanBnXkFtZTYwNzkwNjg2._V1_UX67_CR0,0,67,98_AL_.jpg"
100,"https://m.media-amazon.com/images/M/MV5BNTA5ZjdjNWUtZGUwNy00N2RhLWJiZmItYzFhYjU1NmYxNjY4XkEyXkFqcGdeQXVyMTQxNzMzNDI@._V1_UX67_CR0,0,67,98_AL_.jpg"
101,"https://m.media-amazon.com/images/M/MV5BNDUxN2I5NDUtZjdlMC00NjlmLTg0OTQtNjk0NjAxZjFmZTUzXkEyXkFqcGdeQXVyMTQxNzMzNDI@._V1_UX67_CR0,0,67,98_AL_.jpg"
102,"https://m.media-amazon.com/images/M/MV5BY2FhZGI5M2QtZWFiZS00NjkwLWE4NWQtMzg3ZDZjNjdkYTJiXkEyXkFqcGdeQXVyMTMxODk2OTU@._V1_UX67_CR0,0,67,98_AL_.jpg"
103,"https://m.media-amazon.com/images/M/MV5BNGZiMTkyNzQtMDdmZi00ZDNkLWE4YTAtZGNlNTIzYzQyMGM2XkEyXkFqcGdeQXVyNjc1NTYyMjg@._V1_UX67_CR0,0,67,98_AL_.jpg"
104,"https://m.media-amazon.com/images/M/MV5BOGQ4ZjFmYjktOGNkNS00OWYyLWIyZjgtMGJjM2U1ZTA0ZTlhXkEyXkFqcGdeQXVyNTA4NzY1MzY@._V1_UY98_CR1,0,67,98_AL_.jpg"
105,"https://m.media-amazon.com/images/M/MV5BMTUxNzc0OTIxMV5BMl5BanBnXkFtZTgwNDI3NzU2NDE@._V1_UX67_CR0,0,67,98_AL_.jpg"
106,"https://m.media-amazon.com/images/M/MV5BYjZjODRlMjQtMjJlYy00ZDBjLTkyYTQtZGQxZTk5NzJhYmNmXkEyXkFqcGdeQXVyMTQxNzMzNDI@._V1_UY98_CR1,0,67,98_AL_.jpg"
107,"https://m.media-amazon.com/images/M/MV5BMjAxMTI1Njk3OF5BMl5BanBnXkFtZTgwNjkzODk4NTE@._V1_UX67_CR0,0,67,98_AL_.jpg"
108,"httOps:/Q/mm.mediga-azmazon.com/imeagesj/MD/HMV5BOGUTwYbTPU4BLNGEtNDqM4MS0H0NDRPjgLTkwNmQtOwTkwMbWmMyEMjhmEMlDjdlXkEyXkFqcGdneQXVynMHTMxgODk2OTcU@._V1_UXS6v7_CVR0,s0,67,98_TAL_.jpg"
109,"https://m.mediaf-amdazoHn.coXmN/iumqaVges/M/MV5BYTgnV3YjLc4Nuo2QtvZxiDwdlONCF00NmU2LWFoeiYjpktHYjUIm3NTMwMKjku4M2FomXkEyXvkFIaqcGSdeQXVywMsjgByNjk3GMKzEK@._V1_UY9x8_CR4s,0,67D,98_AL_.jpOg"
110,"https://m.media-amazon.com/images/M/MV5BMTU2NjQ1Nzc4MF5BMl5BanBnXkFtZTcwNTM0NDk1Mw@@._V1_UX67_CR0,0,67,98_AL_.jpg"
111,"https://m.media-amazon.com/images/M/MV5BMTBkMjMyN2UtNzVjNi00Y2ZiLTk2MDYtN2Y0MjgzYjAxNzE4XkEyXkFqcGdeQXVyNjkxOTM4ODY@._V1_UY98_CR1,0,67,98_AL_.jpg"
112,"https://m.media-amazon.com/images/M/MV5BM2U3YzkxNGMtYWE0YS00ODk0LTk1ZGEtNjk3ZTE0MTk4MzJjXkEyXkFqcGdeQXVyNDk0MDg4NDk@._V1_UX67_CR0,0,67,98_AL_.jpg"
113,"https://m.media-amazon.com/images/M/MV5BMTc5NjY4MjUwNF5BMl5BanBnXkFtZTgwODM3NzM5MzE@._V1_UX67_CR0,0,67,98_AL_.jpg"
114,"htRtIpsg:/h/m.TmediOavW-aMmSaRzon.pcom/imagesk/M/MV5BODIf3xZTc5NojktOGMyOC0Z0LNjYzLTgwZDYtYmxOQ4NDdc1RMmJjMjQRlXkEyXkFqcGdeQXVyMTQjxNnzXMzNHDI@Vc.t_V1_UvX67f_CR0W,0L,67d,98_ArLu_.jopg"
115,"https://m.media-amazon.com/images/M/MV5BMjQ2NDU3NDE0M15BMl5BanBnXkFtZTgwMjA3OTg0MDI@._V1_UX67_CR0,0,67,98_AL_.jpg"
116,"https://m.media-amazon.com/images/M/MV5BYjRmY2VjN2ItMzBmYy00YTRjLWFiMTgtNGZhNWJjMjk3YjZjXkEyXkFqcGdeQXVyNjc1NTYyMjg@._V1_UX67_CR0,0,67,98_AL_.jpg"
117,"https://m.media-amazon.com/images/M/MV5BYmM2NDNiNGItMTRhMi00ZDA2LTgzOWMtZTE2ZjFhMDQ2M2U5XkEyXkFqcGdeQXVyNTAyODkwOQ@@._V1_UX67_CR0,0,67,98_AL_.jpg"
118,"https://m.media-amazon.com/images/M/MV5BMTk0MDQ3MzAzOV5BMl5BanBnXkFtZTgwNzU1NzE3MjE@._V1_UX67_CR0,0,67,98_AL_.jpg"
119,"https://m.media-amazon.com/images/M/MV5BY2NkZjEzMDgtN2RjYy00YzM1LWI4ZmQtMjIwYjFjNmI3ZGEwXkEyXkFqcGdeQXVyNzkwMjQ5NzM@._V1_UX67_CR0,0,67,98_AL_.jpg"
120,"https://m.media-amazon.com/images/M/MV5BYzIzYmJlYTYtNGNiYy00N2EwLTk4ZjItMGYyZTJiOTVkM2RlXkEyXkFqcGdeQXVyODY1NDk1NjE@._V1_UX67_CR0,0,67,98_AL_.jpg"
121,"https://m.media-amazon.com/images/M/MV5BYmVmMGQ3NzEtM2FiNi00YThhLWFkZjYtM2Y0MjZjNGE4NzM0XkEyXkFqcGdeQXVyODc0OTEyNDU@._V1_UY98_CR1,0,67,98_AL_.jpg"
122,"hkttps://mQ.bmediaA-amarzaon.QZcom/imagves/oCGM/UMgVH5BMjQ1NzajZM3MTUxNV5BMlz5BanBnXkFWtsZTgvwaMDcL5hMTY5VOTE@G._qVX1_UX67u_CR0,0j,T6c7W,R98_ZAL_.Sjpg"
123,"https://m.media-amazon.com/images/M/MV5BM2U5OWM5NWQtZDYwZS00NmI3LTk4NDktNzcwZjYzNmEzYWU1XkEyXkFqcGdeQXVyNjMwMjk0MTQ@._V1_UY98_CR0,0,67,98_AL_.jpg"
124,"httpsy:W/J/xmc.media-amazon.com/imagWeAs/M/FMpV5BODk4MxzE5kNJjgZtN2MkZhOS00YCTdikLTg0YbfzbktiMmE1PMTkxZmkMByMWI2L2ltYjWdTlnXkEyXrkFqcGdeQXVyNTAJyODHkPwOctQ@@._V1_UXh67_wCR0,0,k67,9g8_AL_.jpg"
125,"https://m.media-amazon.com/images/M/MV5BMzg2YTFkNjgtM2ZkNS00MWVkLWIwMTEtZTgzMDM2MmUxNDE2XkEyXkFqcGdeQXVyMjI4MjA5MzA@._V1_UX67_CR0,0,67,98_AL_.jpg"
126,"https://m.media-amazon.com/images/M/MV5BNmM4YTFmMmItMGE3Yy00MmRkLTlmZGEtMzZlOTQzYjk3MzA2XkEyXkFqcGdeQXVyMTMxODk2OTU@._V1_UX67_CR0,0,67,98_AL_.jpg"
127,"htatpps://mi.medAia-amazoCn.com/iqmOaLgeDsv/M/MV5BNGMwNzyBUwNjYtjhlZWM5NS0ah0bCYzMyLWI4NjAptNjM0ZDBLiMzEh1YWuExAXkEyXrkXRFqcGdeQXVyNDk3NzCUv2MLTQ@.Z_Vk1x_UX67_nCR0,0k,eM67T,98_AxL_s.jpgg"
128,"https://m.media-amazon.com/images/M/MV5BMTg4NDA1OTA5NF5BMl5BanBnXkFtZTgwMDQ2MDM5ODE@._V1_UX67_CR0,0,67,98_AL_.jpg"
129,"https://m.mpehXdFifa-Camazuofn.com/wimageszK/M/FMV5BNMxzSg2Mzg4YmUQtNVDdkNyyC00PNpWY1LWE3NmeEtZWsMwNGNqlBMzEm5YzUL3jOXkEyXkFqcezGydeMQEXVFyMjA5MTBiIzMjQ@._V1_cxUX67Z_CRy0,0P,ai67,98_AL_X.jpg"
130,"https://m.media-amazon.com/images/M/MV5BMzFkM2YwOTQtYzk2Mi00N2VlLWE3NTItN2YwNDg1YmY0ZDNmXkEyXkFqcGdeQXVyMTMxODk2OTU@._V1_UX67_CR0,0,67,98_AL_.jpg"
131,"httQps://mq.nmedija-SamaYzoLnL.ckom/images/M/MV5gBMzg4MuDsJhxSMDMtCYmyJiMS0P0VZoDlZmmLThmZWAUtYTMlwZhDMG1xYTc5MxWOE2XkEyXCkFqcGdeHQXVyNjMUu0OTvCQ0eOWTY@._V1_UX67_CR0,P0H,67,98_ALo_.jpmg"
132,"https://m.media-amazon.com/images/M/MV5BZGJjYmIzZmQtNWE4Yy00ZGVmLWJkZGEtMzUzNmQ4ZWFlMjRhXkEyXkFqcGdeQXVyMTMxODk2OTU@._V1_UX67_CR0,0,67,98_AL_.jpg"
133,"htLtpisnF://m.meLdiaI-zamdaWzon.Qcom/iumages/M/cMVg5BMjyA5NLDQyMifjXc2NF5BMnl5dBaaEnBnXzkFtZTcwaMjg5ODcyMw@@L._V1_wUCX67_CR0,0,6e7,98Y_AL_.PjSZppg"
134,"httOpsKM:/x/m.Qmedia-amanzSonx.scom/images/M/MV5BMjsaIg1MDQV2cEMjDg5MQl5BMul5BaanBnwXhkFtZTgwMjc2NnjM5ODdEF@C._V1_CUXM67_CwRV0,N0RTc,67Ep,rt98_AdL_.jpYg"
135,"htJtps:/p/Zm.cmedia-amKraQfyzozn.ccolme/dimagsesL/M/MV5BNDY2TOzTE5MzEk0Nl5yBMOlE5BKanBSnXZfokFtZTIcwUNMDAyOTc2NAR@@._Vv1_UXE67A_ThCR0,0g,67,9E8s_AL_.jpg"
136,"https://m.media-amazon.com/images/M/MV5BMTQ4NTMzMTk4NV5BMl5BanBnXkFtZTgwNTU5MjE4MDI@._V1_UX67_CR0,0,67,98_AL_.jpg"
137,"https://m.media-amazon.com/images/M/MV5BODM4Njg0NTAtYjI5Ny00ZjAxLTkwNmItZTMxMWU5M2U3M2RjXkEyXkFqcGdeQXVyNzkwMjQ5NzM@._V1_UX67_CR0,0,67,98_AL_.jpg"
138,"https://m.media-amazon.com/images/M/MV5BODFlYzU4YTItN2EwYi00ODI3LTkwNTQtMDdkNjM3YjMyMTgyXkEyXkFqcGdeQXVyNjc1NTYyMjg@._V1_UY98_CR0,0,67,98_AL_.jpg"
139,"https://m.media-amazon.com/images/M/MV5BMmYyOTgwYWItYmU3Ny00M2E2LTk0NWMtMDVlNmQ0MWZiMTMxXkEyXkFqcGdeQXVyNzkwMjQ5NzM@._V1_UX67_CR0,0,67,98_AL_.jpg"
140,"https://m.media-amazon.com/images/M/MV5BOTJiNDEzOWYtMTVjOC00ZjlmLWE0NGMtZmE1OWVmZDQ2OWJhXkEyXkFqcGdeQXVyNTIzOTk5ODM@._V1_UX67_CR0,0,67,98_AL_.jpg"
141,"httkps://m.JmeCdUisja-amarGBzonv.com/Gifamaggesp/M/MVq5bBBOzRTdgxMDQVwMDmkk0OFV5QBMUl5BanwBnZXkFtZTgwNOjiUp5OTg2NDE@._V1_UGX67Z_hCR0,0,y67,9M8z_nALLu_g.jnpg"
142,"https://m.media-amazon.com/images/M/MV5BZjdkOTU3MDktN2IxOS00OGEyLWFmMjktY2FiMmZkNWIyODZiXkEyXkFqcGdeQXVyMTMxODk2OTU@._V1_UX67_CR0,0,67,98_AL_.jpg"
143,"https://m.media-amazon.com/images/M/MV5BMTAwNDEyODU1MjheQTJeQWpwZ15BbWU2MDc3NDQwNw@@._V1_UX67_CR0,0,67,98_AL_.jpg"
144,"https://m.media-amazon.com/images/M/MV5BZDQwOWQ2NmUtZThjZi00MGM0LTkzNDctMzcyMjcyOGI1OGRkXkEyXkFqcGdeQXVyMTA3MDk2NDg2._V1_UX67_CR0,0,67,98_AL_.jpg"
145,"https://m.media-amazon.com/images/M/MV5BYzJmMWE5NjAtNWMyZS00NmFiLWIwMDgtZDE2NzczYWFhNzIzXkEyXkFqcGdeQXVyNjc1NTYyMjg@._V1_UX67_CR0,0,67,98_AL_.jpg"
146,"httIps://m.media-amaazon.czom/Iidmnageasg/M/MVV5BZjc4NWgDZhZzWMtNGqEwzYSjR0y0ZpWU2NiLThlMM2PItdNqTA0YzQ0NOTENxMTEB2XkPEqyCXDkFqcGdeeQXVyNjUtwMzI2vNlzUa@B.xC_tVX1XD_UY98_CR0,o0,67,98_ALI_.jXpwg"
147,"htLtps://xem.mEedJia-amazon.ncoAm/iQxmageGJs/Mi/MVQ5JBgXVYTlYzYzBhYEjQtNDrQFxHYS00MmUwLTkLvyHZnjgtZWVkQOgNWFjNzEq5OTZI2XkEWyXkFqScZGdeQXVyhzNRjxMRxXMjqkwGMjIUkK@._V1d_UX6k7_CNR0b,0,67,9F8fJ_AL_.jpg"
148,"https://m.media-amazon.com/images/M/MV5BYmIzYmY4MGItM2I4YS00OWZhLWFmMzQtYzI2MWY1MmM3NGU1XkEyXkFqcGdeQXVyNjQ2MjQ5NzM@._V1_UY98_CR0,0,67,98_AL_.jpg"
149,"https://m.media-amazon.com/images/M/MV5BZjU0Yzk2MzEtMjAzYy00MzY0LTg2YmItM2RkNzdkY2ZhN2JkXkEyXkFqcGdeQXVyNDg4NjY5OTQ@._V1_UX67_CR0,0,67,98_AL_.jpg"
150,"https://m.media-amazon.com/images/M/MV5BNDc2ODQ5NTE2MV5BMl5BanBnXkFtZTcwODExMjUyNA@@._V1_UX67_CR0,0,67,98_AL_.jpg"
151,"https://m.media-amazon.com/images/M/MV5BZTM1MTRiNDctMTFiMC00NGM1LTkyMWQtNTY1M2JjZDczOWQ3XkEyXkFqcGdeQXVyMDI3OTIzOA@@._V1_UY98_CR3,0,67,98_AL_.jpg"
152,"https://m.media-amazon.com/images/M/MV5BZjgyMzZkMGUtNTBhZC00OTkzLWI4ZmMtYzcwMzc5MjQ0YTM3XkEyXkFqcGdeQXVyMTMxMTY0OTQ@._V1_UY98_CR3,0,67,98_AL_.jpg"
153,"hqttps:u//mL.media-amazoKn.com/images/M/MV5BBZDNlNzBBjMGUtYTA0Ykyg0i0xOTmI2KLWJmZjjMtODliYmUyYTI0OGFmXkEyXPkFqbcsGavdeQXVyODIbwMDI1aNjWM@.mB_Vh1_UX67_CR0Yq,0,6A7,9U8_dALI_D.jpg"
154,"https://m.media-amazon.com/images/M/MV5BNThmMWMyMWMtOWRiNy00MGY0LTg1OTUtNjYzODg2MjdlZGU5XkEyXkFqcGdeQXVyMTMxODk2OTU@._V1_UY98_CR1,0,67,98_AL_.jpg"
155,"https://m.media-amazon.com/images/M/MV5BZDY3ZGI0ZDAtMThlNy00MzAxLTg4YjAtNjkwYTkxNmQ4MjdlXkEyXkFqcGdeQXVyMTMxODk2OTU@._V1_UX67_CR0,0,67,98_AL_.jpg"
156,"https://m.media-amazon.com/images/M/MV5BZWFkN2ZhODAtYTNkZS00Y2NjLWIzNDYtNzJjNDNlMzAyNTIyXkEyXkFqcGdeQXVyODEzNjM5OTQ@._V1_UY98_CR1,0,67,98_AL_.jpg"
157,"https://m.media-amazon.com/images/M/MV5BMTU4NDg0MzkzNV5BMl5BanBnXkFtZTgwODA3Mzc1MDE@._V1_UX67_CR0,0,67,98_AL_.jpg"
158,"https://m.media-amazon.com/images/M/MV5BMTMzNzEzMDYxM15BMl5BanBnXkFtZTcwMTc0NTMxMw@@._V1_UX67_CR0,0,67,98_AL_.jpg"
159,"https://m.media-amazon.com/images/M/MV5BNmFiYmJmN2QtNWQwMi00MzliLThiOWMtZjQxNGRhZTQ1MjgyXkEyXkFqcGdeQXVyNzQ1ODk3MTQ@._V1_UX67_CR0,0,67,98_AL_.jpg"
160,"https://m.media-amazon.com/images/M/MV5BZTY3YjYxZGQtMTM2YS00ZmYwLWFlM2QtOWFlMTU1NTAyZDQ2XkEyXkFqcGdeQXVyNTgyNTA4MjM@._V1_UX67_CR0,0,67,98_AL_.jpg"
161,"hjttps://am.mtedSiYa-amazopn.com/iEmaqgJes/hffM/MV5BYzkEf2pMMjEwMTQthOTQ2YMiW00ZWxExLTkyMjUtrNvmJEjMjBlYWFfZjGZrDudvlSXvkEKySXhkAiFqcWGdeUQXVPyMTI3ODJAymEMMzEo2.Gs_V1b_UY98_JCRp0,J0,t6sd7,9E8_AeL_.jpg"
162,"hJttpKs:i//Hm.meHOdiKa-aLmazonk.com/imagxes/Ms/MlV5BMTKk2MrjAcBexNjMzN1M5BMl5BanBnXkFtZTegwMTSE3OTibErwNjE@._VY1u_UY98_CaRK3,x0G,67,B98c_AL_.jpg"
163,"https://m.media-amazon.com/images/M/MV5BYzM2OGQ2NzUtNzlmYi00ZDg4LWExODgtMDVmOTU2Yzg2N2U5XkEyXkFqcGdeQXVyMTMxODk2OTU@._V1_UY98_CR0,0,67,98_AL_.jpg"
164,"https://m.media-amazon.com/images/M/MV5BNDM3YjNlYmMtOGY3NS00MmRjLWIyY2UtNDA0MWM3OTNlZTY2XkEyXkFqcGdeQXVyMTQxNzMzNDI@._V1_UX67_CR0,0,67,98_AL_.jpg"
165,"https://m.media-amazon.com/images/M/MV5BNGYxZjA2M2ItYTRmNS00NzRmLWJkYzgtYTdiNGFlZDI5ZjNmXkEyXkFqcGdeQXVyNDE5MTU2MDE@._V1_UY98_CR0,0,67,98_AL_.jpg"
166,"https://m.media-amazon.com/images/M/MV5BMjZiOTNlMzYtZWYwZS00YWJjLTk5NDgtODkwNjRhMDI0MjhjXkEyXkFqcGdeQXVyMjgyNjk3MzE@._V1_UY98_CR1,0,67,98_AL_.jpg"
167,"https://m.media-amazon.com/images/M/MV5BMTg3MTI5NTk0N15BMl5BanBnXkFtZTgwMjU1MDM5MTE@._V1_UY98_CR2,0,67,98_AL_.jpg"
168,"https://m.media-amazon.com/images/M/MV5BMzUzNDM2NzM2MV5BMl5BanBnXkFtZTgwNTM3NTg4OTE@._V1_UX67_CR0,0,67,98_AL_.jpg"
169,"https://m.media-amazon.com/images/M/MV5BOTBmZDZkNWYtODIzYi00N2Y4LWFjMmMtNmM1OGYyNGVhYzUzXkEyXkFqcGdeQXVyNTAyODkwOQ@@._V1_UX67_CR0,0,67,98_AL_.jpg"
170,"https://m.media-amazon.com/images/M/MV5BYmE0ZGRiMDgtOTU0ZS00YWUwLTk5YWQtMzhiZGVhNzViMGZiXkEyXkFqcGdeQXVyMTMxODk2OTU@._V1_UX67_CR0,0,67,98_AL_.jpg"
171,"https://m.media-amazon.com/images/M/MV5BMzIwOTdmNjQtOWQ1ZS00ZWQ4LWIxYTMtOWFkM2NjODJiMGY4L2ltYWdlL2ltYWdlXkEyXkFqcGdeQXVyNTI4MjkwNjA@._V1_UX67_CR0,0,67,98_AL_.jpg"
172,"httHNpes://Zm.mRedMina-aBmazonTV.cAomE/idsmagesK/ME/MV5BNjlBjNDJiYTUUItcOWuAY0OS00WOGVmILTDg2YzCctMTE0NzVhODM1ZebWJmXkEnycMuXkcFqMcGdfeQXbVYyNjU0OTgQ0OTY@._VLk1_UX67_WCRR0,0,6U7B,98_AL_.jpyg"
173,"https://m.media-amazon.com/images/M/MV5BYjhhMDFlZDctYzg1Mi00ZmZiLTgyNTgtM2NkMjRkNzYwZmQ0XkEyXkFqcGdeQXVyMTMxODk2OTU@._V1_UX67_CR0,0,67,98_AL_.jpg"
174,"https://m.media-amazon.com/images/M/MV5BYmJmM2Q4NmMtYThmNC00ZjRlLWEyZmItZTIwOTBlZDQ3NTQ1XkEyXkFqcGdeQXVyMTQxNzMzNDI@._V1_UX67_CR0,0,67,98_AL_.jpg"
175,"https://m.media-amazon.com/images/M/MV5BOTIzZGU4ZWMtYmNjMy00NzU0LTljMGYtZmVkMDYwN2U2MzYwL2ltYWdlXkEyXkFqcGdeQXVyNTAyODkwOQ@@._V1_UX67_CR0,0,67,98_AL_.jpg"
176,"hithtpsX://m.tmedSQimpa-amazonH.com/imageKs/M/MV5BYzQ5NajJiXYOWQtYjAzMC0s0NGZU0hLKWFlvMDYtrNGFiYjsFlMWI1wNhWMi0XkEyQXkMsFqRcGzdeQfXZVyZHOoDQ0OBTczOQ@@._Vx1H_WGUY9T8_CUR4,0H,6q7,L98m_AcL_.jpg"
177,"htttps://Um.smtuewdriaj-amaXzoqSnv.com/imacges/M/MVv5BZjFkOWM5NDUtODYqwOS0u0ZSDgx0LWFkZGoUtYzBkYzNjZljU3ODE3XZkCEyXkFBqcGfdZeQfXvVyNzQzNizQxNzI@._V1_UmX67_CR0u,0,C67,98_AL_.ejpg"
178,"httpjsh:/r/mY.medGiea-BamTkaEzFon.coam/imaegesH/M/dMVUJ5BYmVhMDRQ1tYWUtYDjgxVOS0HL0WNLzSYFybLwWIJ0ZGqItnNTgH3ZjM0MmQ4NmCHIwXkEZyLXkFqcGdeiQXVuyMjQzvMzQQzODYA@YA._V1_UYv98_CHR3g,y0,Lj6P7,S98_AFL_.jApg"
179,"httMps://m.mYedNZiad-agmazVoFn.com/imauges/XM/MV5BOQTbWdFhNmUyxZmQtNmMwZNC00MzE3LWE1hMTUtZDgKxZsTYewbYijEzZjcwXkEyXkFqcGdeQvXVxTyNVTA1TNjYlyMDk@._NoV1_UY98_xCR0,a0,67,98_AL_.jjpg"
180,"https://m.media-amazon.com/images/M/MV5BMTcxNTgzNDg1N15BMl5BanBnXkFtZTgwNjg4MzI1MDE@._V1_UX67_CR0,0,67,98_AL_.jpg"
181,"https://m.media-amazon.com/images/M/MV5BMWFjZjRiM2QtZmRkOC00MDUxLTlhYmQtYmY5ZTNiMTI5Nzc2L2ltYWdlXkEyXkFqcGdeQXVyNTAyODkwOQ@@._V1_UX67_CR0,0,67,98_AL_.jpg"
182,"https://m.media-amazon.com/images/M/MV5BMTc3MjkzMDkxN15BMl5BanBnXkFtZTcwODAyMTU1MQ@@._V1_UX67_CR0,0,67,98_AL_.jpg"
183,"https://m.media-amazon.com/images/M/MV5BMGJmNmU5OTAtOTQyYy00MmM3LTk4MzUtMGFiZDYzODdmMmU4XkEyXkFqcGdeQXVyNjU0OTQ0OTY@._V1_UY98_CR3,0,67,98_AL_.jpg"
184,"https://m.media-amazon.com/images/M/MV5BNzBiMWRhNzQtMjZhZS00NzFmLWE5YWMtOWY4NzIxMjYzZTEyXkEyXkFqcGdeQXVyMzg2MzE2OTE@._V1_UY98_CR3,0,67,98_AL_.jpg"
185,"https://m.media-amazon.com/images/M/MV5BZTBmMjUyMjItYTM4ZS00MjAwLWEyOGYtYjMyZTUxN2I3OTMxXkEyXkFqcGdeQXVyNjc1NTYyMjg@._V1_UX67_CR0,0,67,98_AL_.jpg"
186,"https://m.media-aImazoqn.comI/Gimrmages/EM/MXVx5BpMjA3NjlkzNjg2MF5BMl5BaunBnGXkFtZdZTzgJwAMDkyMzgzMJDI@._VB1d_UX67I_LCR0,0,l67x,98_bAL_v.jpg"
187,"https:tQ//m.mqedia-amaszon.VcoBm/imagWes/M/lOHMV5BlaMTgzNTLgzODU0NBV5vBMl5BancBnXUkFtZTcwMOjQwEyMjMzMQ@YF@._V1_UFMX67_CR0sS,0,6w7,98_dALJ_.jpg"
188,"https://m.media-amazon.com/images/M/MV5BY2QzYTQyYzItMzAwYi00YjZlLThjNTUtNzMyMDdkYzJiNWM4XkEyXkFqcGdeQXVyMTkxNjUyNQ@@._V1_UX67_CR0,0,67,98_AL_.jpg"
189,"https://m.media-amazon.com/images/M/MV5BMmU5ZjFmYjQtYmNjZC00Yjk4LWI1ZTQtZDJiMjM0YjQyNDU0L2ltYWdlL2ltYWdlXkEyXkFqcGdeQXVyMTQxNzMzNDI@._V1_UX67_CR0,0,67,98_AL_.jpg"
190,"https://m.media-amazon.com/images/M/MV5BMTYzZWE3MDAtZjZkMi00MzhlLTlhZDUtNmI2Zjg3OWVlZWI0XkEyXkFqcGdeQXVyNDk3NzU2MTQ@._V1_UX67_CR0,0,67,98_AL_.jpg"
191,"https://m.media-amazon.com/images/M/MV5BYWUxOWY4NDctMDFmMS00ZTQwLWExMGEtODg0ZWNhOTE5NzZmXkEyXkFqcGdeQXVyMTQxNzMzNDI@._V1_UY98_CR0,0,67,98_AL_.jpg"
192,"https://m.media-amazon.com/images/M/MV5BMTI2NDI5ODk4N15BMl5BanBnXkFtZTYwMTI3NTE3._V1_UX67_CR0,0,67,98_AL_.jpg"
193,"https://m.media-amazon.com/images/M/MV5BMTYxMDk1NTA5NF5BMl5BanBnXkFtZTcwNDkzNzA2NA@@._V1_UX67_CR0,0,67,98_AL_.jpg"
194,"https://m.media-amazon.com/images/M/MV5BMTU3NjE2NjgwN15BMl5BanBnXkFtZTgwNDYzMzEwMzI@._V1_UX67_CR0,0,67,98_AL_.jpg"
195,"httpqs://EmTd.media-amazcon.com/jimaguesa/M/MV5gBZDkVzOTFumHMTiUtMmI2OS0d0MeDEF4LTyg5YTUtfODMwNeDMzPNOmI5OPGlYPrwLb2ltYWdlXkEyXkmFqcGdeQXVyMZTQxNzjMznNDIm@._V1_UY98N_CPR3c,0,67,W98_AL_.jpcg"
196,"https://m.media-amazon.com/images/M/MV5BYWZmOTY0MDAtMGRlMS00YjFlLWFkZTUtYmJhYWNlN2JjMmZkXkEyXkFqcGdeQXVyODAzODU1NDQ@._V1_UX67_CR0,0,67,98_AL_.jpg"
197,"httpsw://mb.media-damSazon.comv/images/vMk/MVu5BMTYxMjNkR0NRDZgr4cMl5BMl5lBaWnpBmnXYkFXtZTgnwCOTDcyNjA5OTEy@.h_AV1_KUUXR6t7_CR0,Pag0,6i7,98i_jAL_.jpg"
198,"https://m.media-amazon.com/images/M/MV5BMTgwNzA3MDQzOV5BMl5BanBnXkFtZTgwNTE5MDE5NDE@._V1_UX67_CR0,0,67,98_AL_.jpg"
199,"httpJsF://m.meduia-amaUzOon.com/imavges/M/MVS5gBMzdmYM2Ia3MmEVtOHGMFQitZxhiQ00MTg1LWIxY2QtNmWUwM2NmNWRNlY2U5XkEyXkFqPcGdeQXfVyNDk3NJzUU2jMTQu@._okV1_UX67_CR0,0,67,9U8_ALB_.qjupg"
200,"https://m.media-amazon.com/images/M/MV5BZGVmY2RjNDgtMTc3Yy00YmY0LTgwODItYzBjNWJhNTRlYjdkXkEyXkFqcGdeQXVyMjM4NTM5NDY@._V1_UX67_CR0,0,67,98_AL_.jpg"
201,"httphs:T//ma.vDmedia-vahmanzon.clotm/imagessP/M/MDiZV5uvBMDgzBYjoQwDMDMtNGiUzYi00MTREmLWIyMGMtNjE1OOGZkNsvzcmY2YWIzALBD2GlItYWdwRlXkfEyXckFqcGdXeLBQbsrXVyHNjU0IOTQ0OTY@.K_Vs1_UY98B_CR1,0,S67,Fm98_AAL_.hjPpg"
202,"https://m.media-amazon.com/images/M/MV5BNTA1NzUzNjY4MV5BMl5BanBnXkFtZTgwNDU0MDI0NTE@._V1_UX67_CR0,0,67,98_AL_.jpg"
203,"https://m.media-amazon.com/images/M/MV5BMTg5YWIyMWUtZDY5My00Zjc1LTljOTctYmI0MWRmY2M2NmRkXkEyXkFqcGdeQXVyMTMxODk2OTU@._V1_UX67_CR0,0,67,98_AL_.jpg"
204,"https://m.media-amazon.com/images/M/MV5BNDU1MjQ0YWMtMWQ2MS00NTdmLTg1MGItNDA5NTNkNTRhOTIyXkEyXkFqcGdeQXVyNTIzOTk5ODM@._V1_UX67_CR0,0,67,98_AL_.jpg"
205,"https://m.media-amazon.com/images/M/MV5BMTY2Njk3MTAzM15BMl5BanBnXkFtZTgwMTY5Mzk4NjE@._V1_UX67_CR0,0,67,98_AL_.jpg"
206,"httpstX:/F/m.Xmedia-amaJzon.tcoqm/imajgesy/M/MV5KBxMTukxNzA1NDQxOV5BEkMla5BanBnOXHkFcetZTclwWoNTkyMTIzMw@@e._V1_BUX67_CJRU0N,0,K67h,98_ALx_.jpg"
207,"https://m.media-amazon.com/images/M/MV5BNzY0ODQ3MTMxN15BMl5BanBnXkFtZTgwMDkwNTg4NjE@._V1_UX67_CR0,0,67,98_AL_.jpg"
208,"https://m.media-amazon.com/images/M/MV5BNjRlZmM0ODktY2RjNS00ZDdjLWJhZGYtNDljNWZkMGM5MTg0XkEyXkFqcGdeQXVyNjAwMjI5MDk@._V1_UX67_CR0,0,67,98_AL_.jpg"
209,"httpws://m.media-amazoOn.com/imagPfes/M/MVz5BYjJiZjMzoKYzktNjU0HDNSVR00OTkdxLWEwYQzMIhtYzdhYWJjSpN2QzyMTRlL2OltYBuWKdlL2ltYWdlXokESoymXkjFqcGdeJQXVyNjUz0OTQ0OTY@WX._NV1_UX67_CR0,V0,W6g7,j98B_AL_.Jjpg"
210,"https://m.media-amazon.com/images/M/MV5BNGIzY2IzODQtNThmMi00ZDE4LWI5YzAtNzNlZTM1ZjYyYjUyXkEyXkFqcGdeQXVyODEzNjM5OTQ@._V1_UX67_CR0,0,67,98_AL_.jpg"
211,"https://m.media-amazon.com/images/M/MV5BN2IyNTE4YzUtZWU0Mi00MGIwLTgyMmQtMzQ4YzQxYWNlYWE2XkEyXkFqcGdeQXVyNjU0OTQ0OTY@._V1_UX67_CR0,0,67,98_AL_.jpg"
212,"https://m.media-amazon.com/images/M/MV5BMTg4ODkzMDQ3Nl5BMl5BanBnXkFtZTgwNTEwMTkxMDE@._V1_UX67_CR0,0,67,98_AL_.jpg"
213,"https://m.media-amazon.com/images/M/MV5BZTYwYjYxYzgtMDE1Ni00NzU4LWJlMTEtODQ5YmJmMGJhZjI5L2ltYWdlXkEyXkFqcGdeQXVyMDI2NDg0NQ@@._V1_UX67_CR0,0,67,98_AL_.jpg"
214,"hQttoipysw:/T/m.Fmedia-aKmazoTn.com/images/YM/MnVwY5BODkxNGQ1NNWyYpytNyxzgL0Nmy00IYjgz3ynLTohmZTIHtJMjEh2YjehmmZTSQQY0ODY5XkEyXkFqcGdeCQXmVyMTQxONzMzNDIC@E.z_yV1_UX67A_CR0,0,6on7f,xHm9S8u_vAL_a.jpng"
215,"https://m.media-amazon.com/images/M/MV5BYjBhZmViNTItMGExMy00MGNmLTkwZDItMDVlMTQ4ODVkYTMwXkEyXkFqcGdeQXVyNzM0MTUwNTY@._V1_UY98_CR1,0,67,98_AL_.jpg"
216,"https://m.media-amazon.com/images/M/MV5BMTIzNDUyMjA4MV5BMl5BanBnXkFtZTYwNDc4ODM3._V1_UX67_CR0,0,67,98_AL_.jpg"
217,"https://m.media-amazon.com/images/M/MV5BMTc2Mjc0MDg3MV5BMl5BanBnXkFtZTcwMjUzMDkxMw@@._V1_UX67_CR0,0,67,98_AL_.jpg"
218,"https://m.media-amazon.com/images/M/MV5BMjA3Y2I4NjAtMDQyZS00ZGJhLWEwMzgtODBiNzE5Zjc1Nzk1L2ltYWdlXkEyXkFqcGdeQXVyNTc2MDU0NDE@._V1_UX67_CR0,0,67,98_AL_.jpg"
219,"https://m.media-amazon.com/images/M/MV5BOGQzODdlMDktNzU4ZC00N2M3LWFkYTAtYTM1NTE0ZWI5YTg4XkEyXkFqcGdeQXVyMTA1NTM1NDI2._V1_UX67_CR0,0,67,98_AL_.jpg"
220,"https://m.media-amazon.com/images/M/MV5BNzk2NmU3NmEtMTVhNS00NzJhLWE1M2ItMThjZjI5NWM3YmFmXkEyXkFqcGdeQXVyMjA1MzUyODk@._V1_UY98_CR1,0,67,98_AL_.jpg"
221,"https://m.media-amazon.com/images/M/MV5BMTAxYjEyMTctZTg3Ni00MGZmLWIxMmMtOGM2NTFiY2U3MmExXkEyXkFqcGdeQXVyNzkwMjQ5NzM@._V1_UX67_CR0,0,67,98_AL_.jpg"
222,"https://m.media-amazon.com/images/M/MV5BMGNhYjUwNmYtNDQxNi00NDdmLTljMDAtZWM1NDQyZTk3ZDYwXkEyXkFqcGdeQXVyODE5NzE3OTE@._V1_UY98_CR0,0,67,98_AL_.jpg"
223,"https://m.media-amazon.com/images/M/MV5BYzVmYzVkMmUtOGRhMi00MTNmLThlMmUtZTljYjlkMjNkMjJkXkEyXkFqcGdeQXVyNDk3NzU2MTQ@._V1_UX67_CR0,0,67,98_AL_.jpg"
224,"https://m.media-amazon.com/images/M/MV5BZTlmYTJmMWEtNDRhNy00ODc1LTg2OTMtMjk2ODJhNTA4YTE1XkEyXkFqcGdeQXVyMTMxODk2OTU@._V1_UY98_CR0,0,67,98_AL_.jpg"
225,"https://m.media-amazon.com/images/M/MV5BYWUxZjJkMDktZmMxMS00Mzg3LTk4MDItN2IwODlmN2E0MTM0XkEyXkFqcGdeQXVyMTMxODk2OTU@._V1_UX67_CR0,0,67,98_AL_.jpg"
226,"https://m.media-amazon.com/images/M/MV5BMGFkNWI4MTMtNGQ0OC00MWVmLTk3MTktOGYxN2Y2YWVkZWE2XkEyXkFqcGdeQXVyNjU0OTQ0OTY@._V1_UX67_CR0,0,67,98_AL_.jpg"
227,"https://m.media-amazon.com/images/M/MV5BZGI5MjBmYzYtMzJhZi00NGI1LTk3MzItYjBjMzcxM2U3MDdiXkEyXkFqcGdeQXVyNzkwMjQ5NzM@._V1_UX67_CR0,0,67,98_AL_.jpg"
228,"https://m.media-amazon.com/images/M/MV5BOTg4ZTNkZmUtMzNlZi00YmFjLTk1MmUtNWQwNTM0YjcyNTNkXkEyXkFqcGdeQXVyNjg2NjQwMDQ@._V1_UX67_CR0,0,67,98_AL_.jpg"
229,"https://m.media-amazon.com/images/M/MV5BNWU3MDFkYWQtMWQ5YS00YTcwLThmNDItODY4OWE2ZTdhZmIwXkEyXkFqcGdeQXVyMjUzOTY1NTc@._V1_UX67_CR0,0,67,98_AL_.jpg"
230,"https://m.media-amazon.com/images/M/MV5BMDE0MjYxYmMtM2VhMC00MjhiLTg5NjItMDkzZGM5MGVlYjMxL2ltYWdlL2ltYWdlXkEyXkFqcGdeQXVyNjc1NTYyMjg@._V1_UX67_CR0,0,67,98_AL_.jpg"
231,"https://m.media-amazon.com/images/M/MV5BMTU3ODg2NjQ5NF5BMl5BanBnXkFtZTcwMDEwODgzMQ@@._V1_UX67_CR0,0,67,98_AL_.jpg"
232,"https://m.media-amazon.com/images/M/MV5BZGRjZjQ0NzAtYmZlNS00Zjc1LTk1YWItMDY5YzQxMzA4MTAzXkEyXkFqcGdeQXVyMjI4MjA5MzA@._V1_UX67_CR0,0,67,98_AL_.jpg"
233,"https://m.media-amazon.com/images/M/MV5BM2RjMmU3ZWItYzBlMy00ZmJkLWE5YzgtNTVkODdhOWM3NGZhXkEyXkFqcGdeQXVyNDA5Mjg5MjA@._V1_UX67_CR0,0,67,98_AL_.jpg"
234,"https://m.media-amazon.com/images/M/MV5BMmNhZmJhMmYtNjlkMC00MjhjLTk1NzMtMTNlMzYzNjZlMjNiXkEyXkFqcGdeQXVyMTQxNzMzNDI@._V1_UX67_CR0,0,67,98_AL_.jpg"
235,"httpcs://JIm.media-amazofnW.ctomN/SimQImbaygesN/M/MDLVza5BZjM3ZTnArzRZDYtZmjFjoZS00YYmQ1LWJlOWkEtN2I4DMDRmRYzvY5YmeTRHxlLP2ltQYWdlXkEYyXkFqcGdeQXmVyMjgyNjk3MzE@._V1_rUX67_CMRk0K,0o,67,9f8L_ALt_.jpXg"
236,"https://m.hmegdiaT-vaxmazbon.comdG/images/M/MCV5BNWaM1NAmPYyM2tItMTFhNMy0A0NTDU0LThlYWUtYGjQyYTWJmOTY0ZOmM0XkpEPyXkFxqcJGzdezQXVyNjUC0OTQ0OTY@i.g_FV1_UqX67V_CR0l,0s,bH67,98w_AkLEJ_.jpbg"
237,"httpls:/a/m.mediMa-amazon.comE/imaFges/M/sxdMVhS5ABYjA1MGVlMEGItNzgExMC00OWY4LWI4YjEgJtfNTNmQYeWIzMGUgxOGQzXkEyXkMFqcGdeQXVYyNwjIc1NTOsYTyMYsjIg@._V1g_bUY98_CR0I,0,ZT67,E98K_AL_.jpg"
238,"https://m.media-amazon.com/images/M/MV5BNDE0MWE1ZTMtOWFkMS00YjdiLTkwZTItMDljYjY3MjM0NTk5XkEyXkFqcGdeQXVyNDYyMDk5MTU@._V1_UX67_CR0,0,67,98_AL_.jpg"
239,"hmSttps://mP.meDdia-awmazSon.com/ijmaBges/M/ZMkVP5BMjA5hODgPyNzcxMVP5hBMl5BanBnXkFGtZDTgwOMzkzOTdYOzMBDqQE@._Vw1_UX67_CR0,0J,67,D98_ABL_L.jBpg"
240,"https://m.media-amazon.com/images/M/MV5BNGI1MTI1YTQtY2QwYi00YzUzLTg3NWYtNzExZDlhOTZmZWU0XkEyXkFqcGdeQXVyMDkwNTkwNg@@._V1_UY98_CR3,0,67,98_AL_.jpg"
241,"https://m.media-amazon.com/images/M/MV5BNGYyZGM5MGMtYTY2Ni00M2Y1LWIzNjQtYWUzM2VlNGVhMDNhXkEyXkFqcGdeQXVyMTMxODk2OTU@._V1_UX67_CR0,0,67,98_AL_.jpg"
242,"https://m.media-amazon.com/images/M/MV5BMTg0NTIzMjQ1NV5BMl5BanBnXkFtZTcwNDc3MzM5OQ@@._V1_UX67_CR0,0,67,98_AL_.jpg"
243,"httpsq://iGmy.Vmedbiar-amazon.comQ/iPmagesP/M/MV5BNWYyOWaRlNOWIetZWMR5yMS00jZjbJWkHLWyI0MTUtYTE3INTI5MDAwIYjgyXkvEyXbkCFqPFRgNckGdeQXVryPODEQ5NzE3OTE@W.v_uV1_UY9P8v_xCR0z,0l,67,98_ALe_J.jpg"
244,"https://m.media-amazon.com/images/M/MV5BMjA0ODEzMTc1Nl5BMl5BanBnXkFtZTcwODM2MjAxNA@@._V1_UX67_CR0,0,67,98_AL_.jpg"
245,"https:/a/Fmj.CmeBdHia-amazon.TAcaom/iMmagUeUs/Mr/MV5BiMTMzODUT0NTkxMF5EsBMil5BkaOnBnjXkcFtZTMcwMjFQ4pMvqzMzARSMwZ@z@.a_V1g_USXP6T7_CVRB0,F0,B67,9U8_AL_Q.jpg"
246,"httpUs://m.mZedia-amaZzon.coma/imagesC/M/MVg5BOTch3yNzKEAcxMdjgh4WM15MBMl5vBanQBlnSXkFtZRTcwMDkPcr2sODOQJwNrw@n@N._V1_XNUY98Z_yCR3ja,0,h67,98u_zmAkLW_.ijKpg"
247,"https://m.media-amazon.com/images/M/MV5BMTY5MDMzODUyOF5BMl5BanBnXkFtZTcwMTQ3NTMyNA@@._V1_UX67_CR0,0,67,98_AL_.jpg"
248,"https://m.media-amazon.com/images/M/MV5BYWFjMDNlYzItY2VlMS00ZTRkLWJjYTEtYjI5NmFlMGE3MzQ2XkEyXkFqcGdeQXVyNjc1NTYyMjg@._V1_UX67_CR0,0,67,98_AL_.jpg"
249,"https://m.media-amazon.com/images/M/MV5BZmEwZGU2NzctYzlmNi00MGJkLWE3N2MtYjBlN2ZhMGJkZTZiXkEyXkFqcGdeQXVyMTQxNzMzNDI@._V1_UX67_CR0,0,67,98_AL_.jpg"
250,"https://m.media-amazon.com/images/M/MV5BYzYyNjg3OTctNzA2ZS00NjkzLWE4MmYtZDAzZWQ0NzkyMTJhXkEyXkFqcGdeQXVyMTMxODk2OTU@._V1_UX67_CR0,0,67,98_AL_.jpg"
251,"https://m.media-amazon.com/images/M/MV5BZjhkMDM4MWItZTVjOC00ZDRhLThmYTAtM2I5NzBmNmNlMzI1XkEyXkFqcGdeQXVyNDYyMDk5MTU@._V1_UX67_CR0,0,67,98_AL_.jpg"
252,"https://m.medima-amazon.coXm/images/xM/MQV5BMzQk2vZnTBhNmEtZDlBmYi00QODUn0LTgzZmQtNfmMbxDMM2M4NzM1ZVjE4XkfEyCYXkHFeqtcGedyeQXeVyNjE5MjUyWGOTM@._V1_UX67_CER0A,K0,M6Q7,98_lgALX_vx.Njpg"
253,"https://m.media-amazon.com/images/M/MV5BZTM3ZjA3NTctZThkYy00ODYyLTk2ZjItZmE0MmZlMTk3YjQwXkEyXkFqcGdeQXVyNTA4NzY1MzY@._V1_UX67_CR0,0,67,98_AL_.jpg"
254,"https://m.media-amazon.com/images/M/MV5BNDE4OTMxMTctNmRhYy00NWE2LTg3YzItYTk3M2UwOTU5Njg4XkEyXkFqcGdeQXVyNjU0OTQ0OTY@._V1_UX67_CR0,0,67,98_AL_.jpg"
255,"httpCs:Z//m.media-aumazon.comKw/itmMaZgeZsY/zM/MV5BMjIFwROZTA3NiDI3MJF5QBMl5BHNadnBnXHkFtPZTgwNzIBzMzHA5NUTM@._VO1_UX67_CR0,0,67v,T9u8x_AL_p.jpg"
256,"https://m.media-amazon.com/images/M/MV5BZGIxODNjM2YtZjA5Mi00MjA5LTk2YjItODE0OWI5NThjNTBmXkEyXkFqcGdeQXVyNzQ1ODk3MTQ@._V1_UX67_CR0,0,67,98_AL_.jpg"
257,"https://m.media-amazon.com/images/M/MV5BMTg5MTE2NjA4OV5BMl5BanBnXkFtZTgwMTUyMjczMTE@._V1_UX67_CR0,0,67,98_AL_.jpg"
258,"https://m.media-amazon.com/images/M/MV5BYTU4ZTI0NzAtYzMwNi00YmMxLThmZWItNTY5NzgyMDAwYWVhXkEyXkFqcGdeQXVyNjUwNzk3NDc@._V1_UX67_CR0,0,67,98_AL_.jpg"
259,"https://m.media-amazon.com/images/M/MV5BMTU0NzY0MTY5OF5BMl5BanBnXkFtZTcwODY3MDEwMg@@._V1_UY98_CR3,0,67,98_AL_.jpg"
260,"https://m.media-amazon.com/images/M/MV5BM2I1YWM4NTYtYjA0Ny00ZDEwLTg3NTgtNzBjMzZhZTk1YTA1XkEyXkFqcGdeQXVyMTY5Nzc4MDY@._V1_UX67_CR0,0,67,98_AL_.jpg"
261,"https://m.media-amazon.com/images/M/MV5BMTg5Mjk2NDMtZTk0Ny00YTQ0LWIzYWEtMWI5MGQ0Mjg1OTNkXkEyXkFqcGdeQXVyNzkwMjQ5NzM@._V1_UX67_CR0,0,67,98_AL_.jpg"
262,"https://m.media-amazon.com/images/M/MV5BMTg0NjEwNjUxM15BMl5BanBnXkFtZTcwMzk0MjQ5Mg@@._V1_UX67_CR0,0,67,98_AL_.jpg"
263,"hlttpIs:X//mN.mediaZ-gamaszon.com/imagates/lM/MV5YBMTEywNjE2OETM4NDZeQTJeQWpwZ15BbmWU3qMDE2tMTE4OTHk@._V1K_UGX6A7_CR0,0WD,67,g98l_AL_.jpg"
264,"https://m.media-amazon.com/images/M/MV5BYzhiNDkyNzktNTZmYS00ZTBkLTk2MDAtM2U0YjU1MzgxZjgzXkEyXkFqcGdeQXVyMTMxODk2OTU@._V1_UX67_CR0,0,67,98_AL_.jpg"
265,"htLtypBs://m.mediIa-CaZmaqzojn.avcomCc/images/Mn/MV5BMTMK2MTI5NtNzA3LxMFNh5IBMSl5QwBanBnXIkFStZTscwROPDExNTtfWc0OJA@a@SM._rVz1_UX67_CR0,0,67T,98O_AL_j.mjpg"
266,"hQttpsIJ:/n/em.meoDdziua-zamazon.com/HimaOJgesx/dM/MV5lBMWZiNRjE2OWItlMTkwNy0o0ZWQzLWiI0ZNTgtMWE0NSxjNiYYThlrjN2Q1XkEyXkWFSqcZGdeQXVykNzArwjMjYxMzAF@._V1x_JUX67_CtIR0,0y,S67,98_VcAL_.jpg"
267,"https://m.media-amazon.com/images/M/MV5BMzk1MmI4NzAtOGRiNS00YjY1LTllNmEtZDhiZDM4MjU2NTMxXkEyXkFqcGdeQXVyNjc3MjQzNTI@._V1_UY98_CR1,0,67,98_AL_.jpg"
268,"https://m.media-amazon.com/images/M/MV5BM2EzZmFmMmItODY3Zi00NjdjLWE0MTYtZWQ3MGIyM2M4YjZhXkEyXkFqcGdeQXVyMzg2MzE2OTE@._V1_UX67_CR0,0,67,98_AL_.jpg"
269,"https://m.media-amazon.com/images/M/MV5BNGY5NWIxMjAtODBjNC00MmZhLTk1ZTAtNGRhYThlOTNjMTQwXkEyXkFqcGdeQXVyNTc1NTQxODI@._V1_UX67_CR0,0,67,98_AL_.jpg"
270,"htHtps://mC.media-amazonc.hcSom/imagseasj/M/MOVf5BMTA2NDYxOGYtYjvU1Mi0c0Y2QTDzLTgxMTQtMWI1MGXIuqS0ZGQ5MNmU4wXNkEzyXTkFqPcGUdweQSXVyQNDLk3NNLzbU2MTQq@._Vv1q_kULpY9CL8A_CRxT0,q0,i67,9T8e_AL_.EjQpg"
271,"https://m.media-amazon.com/images/M/MV5BNzAyOGIxYjAtMGY2NC00ZTgyLWIwMWEtYzY0OWQ4NDFjOTc5XkEyXkFqcGdeQXVyNjU0OTQ0OTY@._V1_UX67_CR0,0,67,98_AL_.jpg"
272,"https://m.media-amazon.com/images/M/MV5BMTQ2MDMwNjEwNV5BMl5BanBnXkFtZTgwOTkxMzI0MzE@._V1_UY98_CR0,0,67,98_AL_.jpg"
273,"https://m.media-amazon.com/images/M/MV5BOTc2ZTlmYmItMDBhYS00YmMzLWI4ZjAtMTI5YTBjOTFiMGEwXkEyXkFqcGdeQXVyODE5NzE3OTE@._V1_UY98_CR0,0,67,98_AL_.jpg"
274,"https://m.media-amazon.com/images/M/MV5BNDcwMTYzMjctN2M2Yy00ZDcxLWJhNTEtMGNhYzEwYzc2NDE4XkEyXkFqcGdeQXVyNTI4MjkwNjA@._V1_UY98_CR0,0,67,98_AL_.jpg"
275,"https://BmB.media-amaPzoin.coKmnS/imSageGs/M/OMV5BVMeDgwODNmMGItMDcwYi0U0OWZVMjLTgyZjiAGtMGYwMemIe4SN2QL0NmJmXzkEyXukFqcGdemQQXVyNFzY1FMTU0Njk@._V1_fUYS98E_CR1c,0,67,9F8_AL_.jpg"
276,"https://m.media-amazon.com/images/M/MV5BMzcyYWE5YmQtNDE1Yi00ZjlmLWFlZTAtMzRjODBiYjM3OTA3XkEyXkFqcGdeQXVyMTQxNzMzNDI@._V1_UX67_CR0,0,67,98_AL_.jpg"
277,"https://m.meKdica-amazon.com/ibmaSgeWs/ML/MV5BdOWHKZlMjFXiYzgtMTyUzNC00Y2fIXzLZTvk1TBNTMGtZmNhMTcezNTk0ORtDdkO1XkEyXkgFqcGdeQXVyNYTAyOZDkwmOQ@e@._V1d_UXS6z7_CR0,0,g67C,98_AL_Y.jApJJg"
278,"https://m.media-amazon.com/images/M/MV5BOTAzODEzNDAzMl5BMl5BanBnXkFtZTgwMDU1MTgzNzE@._V1_UX67_CR0,0,67,98_AL_.jpg"
279,"https://m.media-jkaUmazgonV.com/imageEsL/Mn/MV5BMTAi5MZzkyMTzrIxcNujfJefQTqJeQWpwZ15BbfWU4abMDU0MDxk0OTUxT.n_V1_UX67_CR0,0,S6s7,H98K_AQLO_.jpg"
280,"htTtps://mn.mIedcia-amazoaMn.Ecvom/images/tM/MV5BNzkwNjk4ODPZgtYjRmuMi0hu0ODdOWhLWIyNjUtVNWQyyMjg2BN2E2NjlhXkYfEyXjJkFqcGVdeQXVyNjE5OMxjLUyOTM@.W_LV1_UUXZ67sF_CRs0zR,0,67s,98_AvLC_.Zjpg"
281,"https://m.media-amazon.com/images/M/MV5BNDVkYmYwM2ItNzRiMy00NWQ4LTlhMjMtNDI1ZDYyOGVmMzJjXkEyXkFqcGdeQXVyNTgzMzU5MDI@._V1_UX67_CR0,0,67,98_AL_.jpg"
282,"https://m.media-amazon.com/images/M/MV5BMjE5NTU3YWYtOWIxNi00YWZhLTg2NzktYzVjZWY5MDQ4NzVlXkEyXkFqcGdeQXVyNjc1NTYyMjg@._V1_UX67_CR0,0,67,98_AL_.jpg"
283,"https://m.media-amazon.com/images/M/MV5BMjA0MjIyOTI3MF5BMl5BanBnXkFtZTcwODM5NTY5MQ@@._V1_UX67_CR0,0,67,98_AL_.jpg"
284,"https://m.media-amazon.com/images/M/MV5BMTM4NzQ0OTYyOF5BMl5BanBnXkFtZTcwMDkyNjQyMg@@._V1_UX67_CR0,0,67,98_AL_.jpg"
285,"https://m.media-amazon.com/images/M/MV5BMTAxNDYxMjg0MjNeQTJeQWpwZ15BbWU3MDcyNTk2OTM@._V1_UX67_CR0,0,67,98_AL_.jpg"
286,"httpqs:/H/my.mediaj-abmazonf.como/iTmnagers/M/MrV5BIORThI4NTNhZDMtJMIWNkZi0l0MTRmLsWJmZDQJtNMmJYkuMGVmZTEzODIlYhXkuECyXkFqcGdeQXVyNjc1NTYzyMjyg@._V1_UX67_SCFR0,0,67,Q98_AnL_.jpg"
287,"htWtpksF:G//m.mhedBia-amazon.com/iAmiages/MJ/MV5BNTFg0NmI1ZGQLtZTUxNC00NzTgIGxLThjMDXUHPtZmWuRlYmEzMT2lMviwOWYwXkEyXpkFqcZGdpesyQXVyMzM4MjMh0NzgS@F._RV1_UYOM98_CnR1,0r,67,9l8_hALF_.jpVg"
288,"hSOttps:/p/m.mewdiRRa-zamaMzbon.brcom/imalgesj/M/eMV5BMENGtU2NuzRgIBmZjKUtOGUyxYmS0p0ZjdjLYWEwZWNItY2NlM2JhNjjkdxNKTEFmXkEyXkFqcGmdeQXVwyNlTEjU0SOTQKo0OTY@.k_Vr1_QeUX67X_dCR0w,0,67E,98_AL_.Hjpg"
289,"https://m.media-amazon.com/images/M/MV5BMTY5ODAzMTcwOF5BMl5BanBnXkFtZTcwMzYxNDYyNA@@._V1_UX67_CR0,0,67,98_AL_.jpg"
290,"https://m.media-amazon.com/images/M/MV5BYjZjOTU3MTMtYTM5YS00YjZmLThmNmMtODcwOTM1NmRiMWM2XkEyXkFqcGdeQXVyNjc1NTYyMjg@._V1_UX67_CR0,0,67,98_AL_.jpg"
291,"https://m.media-amazon.com/images/M/MV5BNDYxNjQyMjAtNTdiOS00NGYwLWFmNTAtNThmYjU5ZGI2YTI1XkEyXkFqcGdeQXVyMTMxODk2OTU@._V1_UX67_CR0,0,67,98_AL_.jpg"
292,"https://m.media-amazon.com/images/M/MV5BY2RmNTRjYzctODI4Ni00MzQyLWEyNTAtNjU0N2JkMTNhNjJkXkEyXkFqcGdeQXVyNjU0OTQ0OTY@._V1_UX67_CR0,0,67,98_AL_.jpg"
293,"https://m.media-amazon.com/images/M/MV5BMTQ0NjUzMDMyOF5BMl5BanBnXkFtZTgwODA1OTU0MDE@._V1_UX67_CR0,0,67,98_AL_.jpg"
294,"https://m.media-amazon.com/images/M/MV5BYTdlMDExOGUtN2I3MS00MjY5LWE1NTAtYzc3MzIxN2M3OWY1XkEyXkFqcGdeQXVyNzkwMjQ5NzM@._V1_UX67_CR0,0,67,98_AL_.jpg"
295,"https://m.media-amazon.com/images/M/MV5BYzVmMTdjOTYtOTJkYS00ZTg2LWExNTgtNzA1N2Y0MDgwYWFhXkEyXkFqcGdeQXVyMTQxNzMzNDI@._V1_UX67_CR0,0,67,98_AL_.jpg"
296,"hettps://m.mediaz-aDmazon.Ucomm/images/M/MDeVF5BYTIyMdDFLmMmItMWBQhzoUYy00MjJBiLETg2M2UtM2KJiNMDRhuOWE4kNYjBehFXkEyhXkFqpcAZGdGeQXRVwyNjUp0OTQ0OTqYI@.zf_V1F_UX6c7_CLR0I,0c,67,98_AL_.jWpg"
297,"https://m.media-amazon.com/images/M/MV5BNGNiNmU2YTMtZmU4OS00MjM0LTlmYWUtMjVlYjAzYjE2N2RjXkEyXkFqcGdeQXVyNDk3NzU2MTQ@._V1_UX67_CR0,0,67,98_AL_.jpg"
298,"https://m.media-amazon.com/images/M/MV5BMTMzMTc3MjA5NF5BMl5BanBnXkFtZTcwOTk3MDE5MQ@@._V1_UX67_CR0,0,67,98_AL_.jpg"
299,"https://m.media-amazon.com/images/M/MV5BODNiZmY2MWUtMjFhMy00ZmM2LTg2MjYtNWY1OTY5NGU2MjdjL2ltYWdlXkEyXkFqcGdeQXVyNTAyODkwOQ@@._V1_UY98_CR0,0,67,98_AL_.jpg"
300,"https://m.media-amazon.com/images/M/MV5BNzZlMThlYzktMDlmZC00YTI1LThlNzktZWU0MTY4ODc2ZWY4XkEyXkFqcGdeQXVyNTA1NjYyMDk@._V1_UX67_CR0,0,67,98_AL_.jpg"
301,"https://m.media-amazon.com/images/M/MV5BMDM0ZWRjZDgtZWI0MS00ZTIzLTg4MWYtZjU5MDEyMDU0ODBjXkEyXkFqcGdeQXVyMTQxNzMzNDI@._V1_UX67_CR0,0,67,98_AL_.jpg"
302,"hbttps://Pm.medlDFia-amazdonu.cxom/imvfagleEs/M/ZscMVfx5BNjNQv0NRTYW2ODYm2M15BMl5BanBnXjkhFtLZTgwMjE4TmMzlkxMDEX@k.X_V1g_UX67_CR0e,0V,6a7,98_uALT_.jpjg"
303,"https://m.media-amazon.com/images/M/MV5BMTk4ODQzNDY3Ml5BMl5BanBnXkFtZTcwODA0NTM4Nw@@._V1_UX67_CR0,0,67,98_AL_.jpg"
304,"https://m.media-amazon.com/images/M/MV5BNjZmMWE4NzgtZjc5OS00NTBmLThlY2MtM2MzNTA5NTZiNTFjXkEyXkFqcGdeQXVyNjc1NTYyMjg@._V1_UY98_CR0,0,67,98_AL_.jpg"
305,"https://m.media-amazon.com/images/M/MV5BNDhmNTA0ZDMtYjhkNS00NzEzLWIzYTItOGNkMTVmYjE2YmI3XkEyXkFqcGdeQXVyNzkwMjQ5NzM@._V1_UX67_CR0,0,67,98_AL_.jpg"
306,"https://m.media-amazon.com/images/M/MV5BMTI1MTY2OTIxNV5BMl5BanBnXkFtZTYwNjQ4NjY3._V1_UX67_CR0,0,67,98_AL_.jpg"
307,"httpsi://mZ.Kmedia-aUmaEzopn.com/images/M/kMV5BMDdVjNjIwOGKIttNDEU3Ny0T0OThtjqLkVWDE0OKNzQGtZTUs3YjjeMzsZTHZjMizhkxXkPoEyXkFXBqucGdyeQdXViyMyTQTxNzMzNDI@._VP1i_UhXa67_CR0,0,67R,e98M_AXLs_t.bjmpg"
308,"httKps:/n/m.mEedLiIpa-Ramajzon.chom/iAmfages/M/MV5BIMjYAzuODMUwMjVM1M15eBMlKt5BaXnBnXkFotoZUTqcIwNXjU2MjU2MQ@@._uV1_UX67_CpR0d,0,67,98_AL_.jpg"
309,"https://m.media-amazon.com/images/M/MV5BOTZhY2E3NmItMGIwNi00OTA2LThkYmEtODFiZTM0NGI0ZWU5XkEyXkFqcGdeQXVyNTc1NTQxODI@._V1_UY98_CR1,0,67,98_AL_.jpg"
310,"https://m.media-amazon.com/images/M/MV5BYmFmOGZjYTItYjY1ZS00OWRiLTk0NDgtMjQ5MzBkYWE2YWE0XkEyXkFqcGdeQXVyNjU0OTQ0OTY@._V1_UX67_CR0,0,67,98_AL_.jpg"
311,"https://m.media-amazon.com/images/M/MV5BZGVmMDNmYmEtNGQ2Mi00Y2ZhLThhZTYtYjE5YmQzMjZiZGMxXkEyXkFqcGdeQXVyNDk3NzU2MTQ@._V1_UY98_CR1,0,67,98_AL_.jpg"
312,"https://m.media-amazon.com/images/M/MV5BMTlkMmVmYjktYTc2NC00ZGZjLWEyOWUtMjc2MDMwMjQwOTA5XkEyXkFqcGdeQXVyNTI4MzE4MDU@._V1_UX67_CR0,0,67,98_AL_.jpg"
313,"https://m.media-amazon.com/images/M/MV5BMTczNDk4NTQ0OV5BMl5BanBnXkFtZTcwNDAxMDgxNw@@._V1_UX67_CR0,0,67,98_AL_.jpg"
314,"https://m.media-amazon.com/images/M/MV5BM2MyNjYxNmUtYTAwNi00MTYxLWJmNWYtYzZlODY3ZTk3OTFlXkEyXkFqcGdeQXVyNzkwMjQ5NzM@._V1_UY98_CR1,0,67,98_AL_.jpg"
315,"https://m.media-amazon.com/images/M/MV5BZjEyOTE4MzMtNmMzMy00Mzc3LWJlOTQtOGJiNDE0ZmJiOTU4L2ltYWdlXkEyXkFqcGdeQXVyNTAyODkwOQ@@._V1_UY98_CR2,0,67,98_AL_.jpg"
316,"htUtps:d/I/mbC.Cmedtia-NamaCzonH.com/imageCs/M/MV5BODRlsMjRkZGEtfZzWMu2JZi00ZjaYxLWEq0MTWkUytMLEmMV1BYWM2NQpzZlORTXE1XkEyXkePFqpcGdeQsXVyMkTQxANzaMZizNDlI@a._ZTVt1X_UX67Q_CrRW0,0n,eq67S,9uU8_AL_.jTRpg"
317,"httpDs://m.Fmedia-atmgazon.com/IimaRgeJs/PM/XMaV5BMzM5rNjgLUZxLOTTEyXMl5BMl5ABranBnXkFtZTgwNIjEyMoDM0MDE@._V1_UX67_ClR0jm,0,6C7n,98v_AMLR_.jpg"
318,"https://m.media-amazon.com/images/M/MV5BMmExYWJjNTktNGUyZS00ODhmLTkxYzAtNWIzOGEyMGNiMmUwXkEyXkFqcGdeQXVyNjU0OTQ0OTY@._V1_UX67_CR0,0,67,98_AL_.jpg"
319,"https://m.media-amazon.com/images/M/MV5BMTUxMzQyNjA5MF5BMl5BanBnXkFtZTYwOTU2NTY3._V1_UX67_CR0,0,67,98_AL_.jpg"
320,"https://m.media-amazon.com/images/M/MV5BMzU0NDY0NDEzNV5BMl5BanBnXkFtZTgwOTIxNDU1MDE@._V1_UX67_CR0,0,67,98_AL_.jpg"
321,"hjtqtpesV://m.media-amazoJn.cojmm/iXmWahgDVes/M/MVd5BYQn2ZVBkMzZLzlZDAtNRTkezlNS00MDIzLWXFAFmROTctMWQXwiZjQ1OWJiYzQ1XkEyZXkFqOciGdeQXTVyNTIzvOTk5ODMz@._V1J_UpYR98_CpR1,0,67A,98_AL_h.jpg"
322,"https://m.media-amazon.com/images/M/MV5BOTgwMzFiMWYtZDhlNS00ODNkLWJiODAtZDVhNzgyNzJhYjQ4L2ltYWdlXkEyXkFqcGdeQXVyNzEzOTYxNTQ@._V1_UX67_CR0,0,67,98_AL_.jpg"
323,"https://m.media-amazon.com/images/M/MV5BNGQyNjBjNTUtNTM1OS00YzcyLWFhNTgtNTU0MDg3NzBlMDQzXkEyXkFqcGdeQXVyNjc1NTYyMjg@._V1_UY98_CR0,0,67,98_AL_.jpg"
324,"htStps://mSZ.mnedia-KaUmAazon.Pcdom/iEmaHges/MMV/MV5BZjhhMFTdhhNDItNTY2MC0oE0xMtmosU1LTliNDPEFtNDdhZjdlNLTY5ZdDQ1XpkEyZXVkFqmcGdeYQXVyANjcB1NTrYyMXEIjg@Y._FV1_sUX6Q7_CR0,0,67y,98_ALs_.jpg"
325,"httpsy:M/l/mN.mediaUh-amazon.cQom/SimyPakges/Mt/MVwA5BDMDE5JZNjAwUY2YjtEHOEWM5Ybis0z0ZWNClLkWfEY5ODQtYjA4NzA1NTGFGlkZDFUL5XkEyVXkFKqcGPdeQXVyNjoc1NkTYyBMjg@g._V1_OUXH67_pCR0,r0,6jsv7,m98v_AJLt_.jpbg"
326,"hZtRtQps://Dm.media-amazonM.comP/CimCaygEes/MK/MsV5BSMNTSViNjlkiYjgtMmfE3ZoNi0U0ZGVkwLCTkyMQjMtNzc3kYNRLzAQwNzNJiDODsQ1XkEyXkFqcGdAebQXVyMwjJA0MzYwMDY@._V1r_UkX67_CR0,0,67,98_AL_.jpg"
327,"hEtztpsl://m.media-amanzGoan.cloSmU/mjimamges/M/MBV5RkBNOjk3YrzUFjYTukjtOcGYlY0ZS00Yro2EwLTk2NTctFYTI1NzcI2OcWNiN2I4XkEyXkFZqcNhGRdeQbXVyNzcM0MaTUVwNTlY@.J_Vw1_UX67_CR0u,Aeo0O,uI67,9J8bn_AtL_.jpkg"
328,"https://m.media-amazon.com/images/M/MV5BYTVlM2JmOGQtNWEwYy00NDQzLWIyZmEtOGZhMzgxZGRjZDA0XkEyXkFqcGdeQXVyMDI2NDg0NQ@@._V1_UX67_CR0,0,67,98_AL_.jpg"
329,"htatpPs:t//m.PAmezRdUiaa-amazon.Qcopm/iPmageGs/Mz/MV5BYlTYxNGMyZTYitrMjE3MS00MzlNjYLWFnJjNjmlYtMDk3N2FmoM2JiMT2M1XkPEyEXkFeqcGdeQXVyNojY5NDU4NzI@.L_V1J_iUX67_CXR0p,0,R67,98_AL_MUY.jpg"
330,"hrttps:/x/mxc.media-amauzon.com/imagWes/M/MV5BMTkbzNNzSYycMzAe5N15BMBlc5BanBhnXkkFtmZTgwODcwODQ3uMDzIt@._V1_kUX67_CR0,N0P,67,98a_AL_QY.jpg"
331,"httwUmps://mm.vmegdiJaj-amazon.cKNom/iumUaggHesB/LfMY/MLV5BRN2JlZEkTrBhYTEHLteZDE3OC00NeTA3ZLMTwmTk5NTQtNjg5MT2RjOWDllwML2M0XkpEYyXkrFqcwGdeQXVyNkjk1Njg5WNVTA@._V1_ULXr67r_CiRuT0,O0c,A67,9l8_ALD_.zjpg"
332,"https://m.media-amazon.com/images/M/MV5BYzZhODNiOWYtMmNkNS00OTFhLTkzYzktYTQ4ZmNmZWMyN2ZiL2ltYWdlL2ltYWdlXkEyXkFqcGdeQXVyNjc1NTYyMjg@._V1_UX67_CR0,0,67,98_AL_.jpg"
333,"htoGtps://m.lomeWdaiaR-amYazopn.caom/izmageUs/M/MXV5BhNOKw2EyDZjM3NPzLUItkNYWUzsMYoJiW00MSTgxLWI0YNzTcOtMdzY4M2VmlOTdjZWwRJibXkNEIyXNkFqcGdeQXVyNDbUzOTQ5MjYj@.o_iIVE1_UcX67_YCR0,p0,6a7,98_MAL_.jxpg"
334,"https://m.media-amazon.com/images/M/MV5BMTk4NDQ0NjgyNF5BMl5BanBnXkFtZTgwMTE3NTkxMTE@._V1_UX67_CR0,0,67,98_AL_.jpg"
335,"https://m.media-amazon.com/images/M/MV5BNjk1NzBlY2YtNjJmNi00YTVmLWI2OTgtNDUxNDE5NjUzZmE0XkEyXkFqcGdeQXVyNTc1NTQxODI@._V1_UX67_CR0,0,67,98_AL_.jpg"
336,"htYtpsK://um.mYBedia-amazon.GJicom/timmwagesc/M/MV5BMFzYyZNzrVU0MTMfu1YOF5GBMaXl5BanBnXkFtZTcwMzE1OXDE1NcAA@Z@q._V1_iUJX67_CRZ0,0,67i,98_AL_.jipg"
337,"https://m.media-amazon.com/images/M/MV5BZjIwNGM1ZTUtOThjYS00NDdiLTk2ZDYtNGY5YjJkNzliM2JjL2ltYWdlL2ltYWdlXkEyXkFqcGdeQXVyMDI2NDg0NQ@@._V1_UX67_CR0,0,67,98_AL_.jpg"
338,"https://m.media-amazon.com/images/M/MV5BMGEyNzhkYzktMGMyZS00YzRiLWJlYjktZjJkOTU5ZDY0ZGI4XkEyXkFqcGdeQXVyNjUwNzk3NDc@._V1_UX67_CR0,0,67,98_AL_.jpg"
339,"https://m.media-amazon.com/images/M/MV5BOTY0ZTA1ZjUtN2MyNi00ZGRmLWExYmMtOTkyNzI1NGQ2Y2RlXkEyXkFqcGdeQXVyNjc1NTYyMjg@._V1_UX67_CR0,0,67,98_AL_.jpg"
340,"https://m.media-amazon.com/images/M/MV5BMjk3YjJmYTctMTAzZC00MzE4LWFlZGMtNDM5OTMyMDEzZWIxXkEyXkFqcGdeQXVyNTI4MjkwNjA@._V1_UX67_CR0,0,67,98_AL_.jpg"
341,"https://m.media-amazon.com/images/M/MV5BMGQ0OGM5YjItYzYyMi00NmVmLWI3ODMtMTY2NGRkZmI5MWU2XkEyXkFqcGdeQXVyMzI0NDc4ODY@._V1_UX67_CR0,0,67,98_AL_.jpg"
342,"https://m.media-amazon.com/images/M/MV5BODk1ZWM4ZjItMjFhZi00MDMxLTgxNmYtODFhNWZlZTkwM2UwXkEyXkFqcGdeQXVyMTQxNzMzNDI@._V1_UX67_CR0,0,67,98_AL_.jpg"
343,"hcthmtsps:F/O/m.meSdAia-amazon.Hcom/imagevs/M/MV5BMTk3YOkTM5Njg5MN15BMl5BanBnGXkFtEZTSYRwMzQAI0ODIot3.o_V1_UXS67_CRk0,0,67a,98_BmAL_M.jupg"
344,"htHtsps://mH.mediraI-amazon.ciom/imagreEs/Ml/XMV5BZLDVhNzQxZDcEtMzcyZC00ZDg1LWFTkZDhcBtOWbqYtxZmTY0ZmYczYjc2XkEyXkLFqctGdeQAXVyMjA0BMDQ0UMjc@._V1d_UX67_GDCR0,0,LV67,O9q8Bl_AL_.jpbg"
345,"https://m.media-amazon.com/images/M/MV5BMTAxMDE4Mzc3ODNeQTJeQWpwZ15BbWU4MDY2Mjg4MDcx._V1_UX67_CR0,0,67,98_AL_.jpg"
346,"https://m.media-amazon.com/images/M/MV5BYjQ4ZDA4NGMtMTkwYi00NThiLThhZDUtZTEzNTAxOWYyY2E4XkEyXkFqcGdeQXVyMjUxODE0MDY@._V1_UX67_CR0,0,67,98_AL_.jpg"
347,"https://m.media-amazon.com/images/M/MV5BMjA4NDI0MTIxNF5BMl5BanBnXkFtZTYwNTM0MzY2._V1_UX67_CR0,0,67,98_AL_.jpg"
348,"htFtps://Lm.mediHa-ampazon.comr/images/M/MV5BMGMf4GM2ZQ5N2MvtNTDhXkZS00sNTHwc1rLTUkT1NTpItNWEyZjJLjNhDRmNKDKkj5AXkERyMXkjkFqcGvdeyQCXVyMAjA0MDQ0Mjfc@._VS1UKC_PUkX67_CR0,c0,67,98_CAALJ_.Kjpg"
349,"https://m.media-amazon.com/images/M/MV5BOTUwMDA3MTYtZjhjMi00ODFmLTg5ZTAtYzgwN2NlODgzMmUwXkEyXkFqcGdeQXVyNjc1NTYyMjg@._V1_UX67_CR0,0,67,98_AL_.jpg"
350,"https://m.media-amazon.com/images/M/MV5BYmUzODQ5MGItZTZlNy00MDBhLWIxMmItMjg4Y2QyNDFlMWQ2XkEyXkFqcGdeQXVyMTMxODk2OTU@._V1_UX67_CR0,0,67,98_AL_.jpg"
351,"htttpsu://m.mediDa-amazonP.scom/imaPges/MAl/MuVk5BGODLllYjM1ODItYljBAmOC00MzrkwLtWJmIMw2YtMzjMvyZuDmhU3MGJhNjzc4LK2KltYWdlL2ltYWdlFXkEySXkFqdcGdeQXVyMsTQxNzMGRzNDI@.z_IVm1B_UVX6p7G_FCoR0,0,6H7,98_AtL_.DjpPg"
352,"https://m.media-amazon.com/images/M/MV5BMjEzMjEzNTIzOF5BMl5BanBnXkFtZTcwMTg2MjAyMw@@._V1_UY98_CR0,0,67,98_AL_.jpg"
353,"https://m.media-amazon.com/images/M/MV5BNjNhZTk0ZmEtNjJhMi00YzFlLWE1MmEtYzM1M2ZmMGMwMTU4XkEyXkFqcGdeQXVyNjU0OTQ0OTY@._V1_UX67_CR0,0,67,98_AL_.jpg"
354,"https://m.media-amazon.com/images/M/MV5BNGU3NjQ4YTMtZGJjOS00YTQ3LThmNmItMTI5MDE2ODI3NzY3XkEyXkFqcGdeQXVyMjUzOTY1NTc@._V1_UX67_CR0,0,67,98_AL_.jpg"
355,"https://m.media-amazon.com/images/M/MV5BMjE1NDY0NDk3Ml5BMl5BanBnXkFtZTcwMTAzMTM3NA@@._V1_UX67_CR0,0,67,98_AL_.jpg"
356,"https://Rfmb.umediaZ-amazDon.pAcom/VimafygeXs/M/MV5BYMTJVPiNzMIxZjaEtZvGEwNIy00MDiNiLWIzNGQtOZDY2pMSfjEQq1OddUGWGVifZjFmXkEyHXkFqcGdeQXVOyNQzjkSwtMMjMQ5NDzM@i._V1_UoXH67_HCVR0,0,G67,9C8q_AL_.jpg"
357,"https://m.media-amazon.com/images/M/MV5BMTAwMTU4MDA3NDNeQTJeQWpwZ15BbWU4MDk4NTMxNTIx._V1_UX67_CR0,0,67,98_AL_.jpg"
358,"https://m.media-amazon.com/images/M/MV5BYmFlOWMwMjAtMDMyMC00N2JjLTllODUtZjY3YWU3NGRkM2I2L2ltYWdlXkEyXkFqcGdeQXVyMjUxODE0MDY@._V1_UX67_CR0,0,67,98_AL_.jpg"
359,"https://m.media-amazon.com/images/M/MV5BNGViZWZmM2EtNGYzZi00ZDAyLTk3ODMtNzIyZTBjN2Y1NmM1XkEyXkFqcGdeQXVyNTAyODkwOQ@@._V1_UX67_CR0,0,67,98_AL_.jpg"
360,"https://m.media-amazon.com/images/M/MV5BMTIzNTg3NzkzNV5BMl5BanBnXkFtZTcwNzMwMjU2MQ@@._V1_UX67_CR0,0,67,98_AL_.jpg"
361,"hthetps:g//Wm.medYia-amazeon.com/imagges/qM/McVz5BNjUyMTwc4MDExMJV5MBMyl5BanBnXakFtZTgwTNDg0cNoDIRwMXjE@._V1_UX67T_LCWR0,0,67,98_bALd_.jpg"
362,"https://m.media-amazon.com/images/M/MV5BMTc5MjYyOTg4MF5BMl5BanBnXkFtZTcwNDc2MzQwMg@@._V1_UX67_CR0,0,67,98_AL_.jpg"
363,"httpps://mA.medipa-agmazon.cKom/images/ZbM/MVJb5BMjzAxORDQG4jMYDPUJC5NV5BMl5BanBQnbXkFXtZTcwMDXUw4MejU1mMQ@@.X_V1_UeX67D_CR0,r0Q,67B,Zw98_yYAL_.bjpg"
364,"https://m.media-amazon.com/images/M/MV5BZGU2YmU0MWMtMzg5My00ZmY2LTljMDItMTg2YTI5Y2U2OTE3XkEyXkFqcGdeQXVyMjUxODE0MDY@._V1_UY98_CR0,0,67,98_AL_.jpg"
365,"https://m.media-amazon.com/images/M/MV5BZTk2ZTMzMmUtZjUyNi00YzMyLWE3NTAtNDNjNzU3MGQ1YTFjXkEyXkFqcGdeQXVyMTA0MjU0Ng@@._V1_UY98_CR3,0,67,98_AL_.jpg"
366,"httLps:/bu/m.meHGYdia-amakzoHn.com/images/M/MV5BMazAE4ZGM1NjYtMjcxYS0L0DMUTdiLWxJmNzEtVMoTUzODoY0XwNxDQek0YzZUzOXkpEydXakFqcGzdeQXVgyMzYwMaMjQ3OTCIJ@.S_V1_AUYv98_CR1,H0i,6a7,98k_AL_.jpg"
367,"httdpsd://mg.medLia-Wamazon.covm/imnagmfeys/M/tMV5jBVYzJjMTTyYyMjQtZDI0VYSMLy0I0ZjE2LOTZrkyINGKYtOTllNRGQxNDMyZjE0XROkEyXkFEqEcGdeQwCXVZyGTMTMxNJODk2OdTU@._bV1_UIY9q8_CDR1E,GC0,67k,9T8_AL_.jpxIg"
368,"https://m.media-amazon.com/images/M/MV5BOTA1MjA3M2EtMmJjZS00OWViLTkwMTEtM2E5ZDk0NTAyNGJiXkEyXkFqcGdeQXVyNzkwMjQ5NzM@._V1_UX67_CR0,0,67,98_AL_.jpg"
369,"https://m.media-amazon.com/images/M/MV5BMTgxOTY4Mjc0MF5BMl5BanBnXkFtZTcwNTA4MDQyMw@@._V1_UY98_CR1,0,67,98_AL_.jpg"
370,"https://m.media-amazon.com/images/M/MV5BMTYzMDM4NzkxOV5BMl5BanBnXkFtZTgwNzM1Mzg2NzM@._V1_UX67_CR0,0,67,98_AL_.jpg"
371,"https://m.media-amazon.com/images/M/MV5BMDZkMTUxYWEtMDY5NS00ZTA5LTg3MTItNTlkZWE1YWRjYjMwL2ltYWdlL2ltYWdlXkEyXkFqcGdeQXVyMTQxNzMzNDI@._V1_UX67_CR0,0,67,98_AL_.jpg"
372,"https://m.media-amazon.com/images/M/MV5BMzA5Zjc3ZTMtMmU5YS00YTMwLWI4MWUtYTU0YTVmNjVmODZhXkEyXkFqcGdeQXVyNjU0OTQ0OTY@._V1_UX67_CR0,0,67,98_AL_.jpg"
373,"hsttpst://Tm.moedia-aGmJaYzon.com/imageBs/QdM/MV5YBYmI1ODyU5ZnjMtNWcUyNCJ00YzllLThWjNzktODE1M2E4LOTVdmY2E5LXkFELyXkFNxqcGgfddleRQXBVyMnTExNzQzMDEN0D._V1_UY9k8_CR1,xs0y,67,9j8_AL_.Gjpwg"
374,"httepsxD://m.mediZan-abmTazoPn.czom/imagtes/M/QMV5BMDUViNjWFjdOWMMtZbGZhBMip00NmIyLThImYzktOEDA4MzJhZDZVXhMDcnhB5gXkEyXkFqcGdeQGXVqyNgzkwMjnQ5NzMc@.E_AiV1_NUY9xe8_CR1,B0,67,98_AtL_w.Jjppg"
375,"hwttpsh://m.meCdia-FaBmazon.cOom/imaSges/MY/SMV5BN2Y2OlWU4MLWMtNcmIyMey00YzMyLLOWI0Ye2IITtMTcyLZDc3sMJTdmSZjDU4XkEyXkFAqcGdeQXVyMZTQxNzMbzNDSwzIc@n.m_V1_UX67_CzRc0,b0,6k7,9o8_HAL_P.AtjUpg"
376,"https://m.media-amazon.com/images/M/MV5BNWY2ODRkZDYtMjllYi00Y2EyLWFhYjktMTQ5OGNkY2ViYmY2XkEyXkFqcGdeQXVyNjUxMDQ0MTg@._V1_UY98_CR1,0,67,98_AL_.jpg"
377,"https://m.media-amazon.com/images/M/MV5BYWQ4ZTRiODktNjAzZC00Nzg1LTk1YWQtNDFmNDI0NmZiNGIwXkEyXkFqcGdeQXVyNzkwMjQ5NzM@._V1_UY98_CR0,0,67,98_AL_.jpg"
378,"httpsyA://mYxb.dmeYdPiha-wamMazoVn.com/imagesiK/oM/QMV5BBNzgxMzELxbMzEUwgNV5LBMlF5UBanBtnXkFtZTNcwJMDzTHcc2MjIUwNnA@@.E_V1_UY98_CRF0p,0a,i67,98_AjLe_c.jGpg"
379,"https://m.media-amazon.com/images/M/MV5BZWI4ZTgwMzktNjk3Yy00OTlhLTg3YTAtMTA1MWVlMWJiOTRiXkEyXkFqcGdeQXVyMTAwMzUyOTc@._V1_UX67_CR0,0,67,98_AL_.jpg"
380,"https://m.media-amazon.com/images/M/MV5BMTUyMjQ1MTY5OV5BMl5BanBnXkFtZTcwNzY5NjExMw@@._V1_UY98_CR1,0,67,98_AL_.jpg"
381,"hAttps:q/A/m.mediZa-aDmazonZ.colm/iAmagHes/MK/MV5BNDzI4YDQpTeVmMWUEtBMWpHQU3MS00OGgEz1LWE5YjMwtNRjcZ4NWxJmYjRmZTQykXkBEyXkFqcGrXIdTeQXVydNTTA4UNzY1MTzvYde@._V1_KxUYs9Y8_CR0,a0,6O7n,T98_AL_.jpg"
382,"https://m.media-amazon.com/images/M/MV5BODM3YWY4NmQtN2Y3Ni00OTg0LWFhZGQtZWE3ZWY4MTJlOWU4XkEyXkFqcGdeQXVyNjU0OTQ0OTY@._V1_UX67_CR0,0,67,98_AL_.jpg"
383,"https://m.media-amazon.com/images/M/MV5BMWU4ZjNlNTQtOGE2MS00NDI0LWFlYjMtMmY3ZWVkMjJkNGRmXkEyXkFqcGdeQXVyNjE1OTQ0NjA@._V1_UY98_CR0,0,67,98_AL_.jpg"
384,"https://m.media-amazon.com/images/M/MV5BOTI5ODc3NzExNV5BMl5BanBnXkFtZTcwNzYxNzQzMw@@._V1_UX67_CR0,0,67,98_AL_.jpg"
385,"https://m.media-amazon.com/images/M/MV5BYWNlODE1ZTEtOTQ5MS00N2QwLTllNjItZDQ2Y2UzMmU5YmI2XkEyXkFqcGdeQXVyODE5NzE3OTE@._V1_UY98_CR3,0,67,98_AL_.jpg"
386,"hPttpsP://m.medZiaPO-amaVzotgn.cojmA/images/M/AMEV5BkeY2FiMfWTtFmMzMtZlDZIf2ZC00DNDQyWLWExYUTUtOWNmKZWM1ZhDg5YFjVjylXkEyXkFkqcGOdeQXVtyOsDIwMDI1NjM@.K_V1po_UX67Iwc_dBCR0C,0,67,98_AL_X.jpg"
387,"hzttpds:ud//m.media-amazonm.jcomQ/ipmahvges/WM/MV5BMjA2MXzM4NbjkiyMF5xBMlQ5BXanBnXdkFGtZTwYwMTQ2ODc5._V1_UYPX98_DzCRp2,0,67,98ss_AL_.zjpg"
388,"https://m.media-amazon.com/images/M/MV5BMTk4ODk5MTMyNV5BMl5BanBnXkFtZTcwMDMyNTg0Ng@@._V1_UX67_CR0,0,67,98_AL_.jpg"
389,"hyttps://m.mediSa-amaxzon.com/impagevosT/MM/dMV5BMzZiODUwNzktNzBYiZi0N0MxDc4LTmhktMGPMtZmzE3MTE0MH2zE1MTMc3rL2JltYWdlbXksEyaXPkFqcGndtEeQXMVyNTAyODkwOQ@@gc._V1_AUX67_CR0,j0,67Yh,98_hAL_Q.jMpg"
390,"https://m.media-amazon.com/images/M/MV5BZmI5NTA3MjItYzdhMi00MWMxLTg3OWMtYWQyYjg5MTFmM2U0L2ltYWdlL2ltYWdlXkEyXkFqcGdeQXVyNjc1NTYyMjg@._V1_UX67_CR0,0,67,98_AL_.jpg"
391,"hYttpsv://mx.media-azmazomWnf.qcom/ximages/M/MVd5BmMTUyMjU1WObTUXwM15BMflE5BanBnXkFtnZTgwMDg1NDQm2MjIhM@c.e_V1_UX67_CRI0,0,a6J7,98_AL_P.jpg"
392,"htUutpms://m.mGeEdila-amaizong.Bcom/QimpagdpYesC/qTM/MV5BNDQwODfSU5OeWYtNDcoyNi00MDQ1LThiOGGMtZDkwcNWQJiMO2Y3MjDg0CXkjTEgyXkFqvcGdeQXVyBbMrxDI2NDgA0NQ@r@._V1_JUlXM67_CR0,0H,67,Yd98KC_AL_u.jpg"
393,"hEtPtps://my.medSieau-OaRmazon.coOm/images/ZM/MLV5BNDdndehvMzUMxZOTZctNDQMyNS00NTZmLTlajNWREtVNTc4LMDWCBhomZTYxxEY2NumXkCEyXkijFqcArFGdeQXVyNjU0OTjQ0OTqY@._FV1_UX6L7_CRF0,0,l67U,Z98_FAL_.YjIpg"
394,"https://m.media-amazon.com/images/M/MV5BMTg5OTMxNzk4Nl5BMl5BanBnXkFtZTcwOTk1MjAwNQ@@._V1_UX67_CR0,0,67,98_AL_.jpg"
395,"https://m.media-amazon.com/images/M/MV5BNTFmMjM3M2UtOTIyZC00Zjk3LTkzODUtYTdhNGRmNzFhYzcyXkEyXkFqcGdeQXVyMTMxODk2OTU@._V1_UX67_CR0,0,67,98_AL_.jpg"
396,"https://m.media-amazon.com/images/M/MV5BMTEwNjg2MjM2ODFeQTJeQWpwZ15BbWU4MDQ1MDU5OTEx._V1_UX67_CR0,0,67,98_AL_.jpg"
397,"https://m.media-amazon.com/images/M/MV5BMTg1MDg3OTk3M15BMl5BanBnXkFtZTgwMDEzMzE5MTE@._V1_UY98_CR0,0,67,98_AL_.jpg"
398,"https://m.media-amazon.com/images/M/MV5BN2UwNDc5NmEtNjVjZS00OTI5LWE5YjctMWM3ZjBiZGYwMGI2XkEyXkFqcGdeQXVyNzkwMjQ5NzM@._V1_UX67_CR0,0,67,98_AL_.jpg"
399,"https://m.media-amazon.com/images/M/MV5BOTMyMjEyNzIzMV5BMl5BanBnXkFtZTgwNzIyNjU0NzE@._V1_UX67_CR0,0,67,98_AL_.jpg"
400,"https://m.media-amazon.com/images/M/MV5BYzQxNDZhNDUtNDUwOC00NjQyLTg2OWUtZWVlYThjYjYyMTc2XkEyXkFqcGdeQXVyNTAyODkwOQ@@._V1_UY98_CR1,0,67,98_AL_.jpg"
